TGL; Prod. Nrm btr ; Prod.  Nrm Kg ; Prod. Crm btr ; Prod. Crm Kg ; Prod. Rtk btr ; Prod. Rtk Kg ; Prod. TTL Btr ; Prod. TTL Kg ; Jual Normal (Butir) ; Jual Normal (Kilo) ; Harga Normal per kilo ; Jual Crem (Butir) ; Jual Crem (Kilo) ; Harga Crem per kilo ; Jual Retak (Butir) ; Jual Retak (Kilo) ; Harga Retak per kilo ;Dibuang (Butir);Dibuang (Kilo); Total telur keluar (Butir) ; Total telur keluar (kilo) ;Sisa stock (Butir);Sisa stock (kilo);Audit (Butir); Audit (Kilo) ; Harga Pasar ; Total Pendapatan ;;;;;;;;;;;;;;;;;;
17/04/2026;;;;;;; -   ; -   ;;;;;;;;;;;; -   ; -   ;;;;;; Rp- ;;;;;;;;;;;;;;;;;;
18/04/2026;;;;;;; -   ;;;;;;;;;;;;; -   ; -   ;;;;;; Rp- ;;;;;;;;;;;;;;;;;;
19/04/2026;;;;;;; -   ;;;;;;;;;;;;; -   ; -   ;;;;;; Rp- ;;;;;;;;;;;;;;;;;;
20/04/2026;;;;;;; -   ; -   ;;;;;;;;;;;; -   ; -   ;;;;;; Rp- ;;;;;;;;;;;;;;;;;;
21/04/2026;;;;;;; -   ;;;;;;;;;;;;; -   ; -   ;;;;;; Rp- ;;;;;;;;;;;;;;;;;;
22/04/2026;;;;;;; -   ; -   ;;;;;;;;;;;; -   ; -   ;;;;;; Rp- ;;;;;;;;;;;;;;;;;;
23/04/2026;;;;;;; -   ; -   ;;;;;;;;;;;; -   ; -   ;;;;;; Rp- ;;;;;;;;;;;;;;;;;;
24/04/2026;;;;;;; -   ; -   ;;;;;;;;;;;; -   ; -   ;;;;;; Rp- ;;;;;;;;;;;;;;;;;;
25/04/2026;;;;;;; -   ; -   ;;;;;;;;;;;; -   ; -   ;;;;;; Rp- ;;;;;;;;;;;;;;;;;;
26/04/2026;;;;;;; -   ; -   ;;;;;;;;;;;; -   ; -   ;;;;;; Rp- ;;;;;;;;;;;;;;;;;;
27/04/2026;;;;;;; -   ; -   ;;;;;;;;;;;; -   ; -   ;;;;;; Rp- ;;;;;;;;;;;;;;;;;;
28/04/2026;;;;;;; -   ; -   ;;;;;;;;;;;; -   ; -   ;;;;;; Rp- ;;;;;;;;;;;;;;;;;;
29/04/2026;;;;;;; -   ; -   ;;;;;;;;;;;; -   ; -   ;;;;;; Rp- ;;;;;;;;;;;;;;;;;;
30/04/2026;;;;;;; -   ; -   ;;;;;;;;;;;; -   ; -   ;;;;;; Rp- ;;;;;;;;;;;;;;;;;;
01/05/2026;;;;;;; -   ; -   ;;;;;;;;;;;; -   ; -   ;;;;;; Rp- ;;;;;;;;;;;;;;;;;;
02/05/2026;;;;;;; -   ; -   ;;;;;;;;;;;; -   ; -   ;;;;;; Rp- ;;;;;;;;;;;;;;;;;;
03/05/2026;;;;;;; -   ; -   ;;;;;;;;;;;; -   ; -   ;;;;;; Rp- ;;;;;;;;;;;;;;;;;;
04/05/2026;;;;;;; -   ; -   ;;;;;;;;;;;; -   ; -   ;;;;;; Rp- ;;;;;;;;;;;;;;;;;;
05/05/2026;;;;;;; -   ; -   ;;;;;;;;;;;; -   ; -   ;;;;;; Rp- ;;;;;;;;;;;;;;;;;;
06/05/2026;;;;;;; -   ; -   ;;;;;;;;;;;; -   ; -   ;;;;;; Rp- ;;;;;;;;;;;;;;;;;;
07/05/2026;;;;;;; -   ; -   ;;;;;;;;;;;; -   ; -   ;;;;;; Rp- ;;;;;;;;;;;;;;;;;;
08/05/2026;;;;;;; -   ; -   ;;;;;;;;;;;; -   ; -   ;;;;;; Rp- ;;;;;;;;;;;;;;;;;;
09/05/2026;;;;;;; -   ; -   ;;;;;;;;;;;; -   ; -   ;;;;;; Rp- ;;;;;;;;;;;;;;;;;;
10/05/2026;;;;;;; -   ; -   ;;;;;;;;;;;; -   ; -   ;;;;;; Rp- ;;;;;;;;;;;;;;;;;;
11/05/2026;;;;;;; -   ; -   ;;;;;;;;;;;; -   ; -   ;;;;;; Rp- ;;;;;;;;;;;;;;;;;;
12/05/2026;;;;;;; -   ; -   ;;;;;;;;;;;; -   ; -   ;;;;;; Rp- ;;;;;;;;;;;;;;;;;;
13/05/2026;;;;;;; -   ; -   ;;;;;;;;;;;; -   ; -   ;;;;;; Rp- ;;;;;;;;;;;;;;;;;;
14/05/2026;;;;;;; -   ; -   ;;;;;;;;;;;; -   ; -   ;;;;;; Rp- ;;;;;;;;;;;;;;;;;;
15/05/2026; 1 ; 0,04 ;;;;; 1 ; 0,04 ;;;;;;;;;;;; -   ; -   ;1; 0,04 ;;;; Rp- ;;;;;;;;;;;;;;;;;;
16/05/2026; 1 ; 0,04 ;;;;; 1 ; 0,04 ;;;;;;;;;;;; -   ; -   ;2; 0,08 ;;;; Rp- ;;;;;;;;;;;;;;;;;;
17/05/2026; 1 ; 0,04 ;;;;; 1 ; 0,04 ;;;;;;;;;;;; -   ; -   ;3; 0,12 ;;;; Rp- ;;;;;;;;;;;;;;;;;;
18/05/2026; 1 ; 0,04 ;;;;; 1 ; 0,04 ;;;;;;;;;;;; -   ; -   ;4; 0,16 ;;;; Rp- ;;;;;;;;;;;;;;;;;;
19/05/2026;;;;;;; -   ; -   ;;;;;;;;;;;; -   ; -   ;4; 0,16 ;;;; Rp- ;;;;;;;;;;;;;;;;;;
20/05/2026; 2 ; 0,10 ;;;;; 2 ; 0,10 ;;;;;;;;;;;; -   ; -   ;6; 0,26 ;;;; Rp- ;;;;;;;;;;;;;;;;;;
21/05/2026; 3 ; 0,14 ;;;;; 3 ; 0,14 ;;;;;;;;;;;; -   ; -   ;9; 0,40 ;;;; Rp- ;;;;;;;;;;;;;;;;;;
22/05/2026; 3 ; 0,15 ;;;;; 3 ; 0,15 ;;;;;;;;;;;; -   ; -   ;12; 0,55 ;;;; Rp- ;;;;;;;;;;;;;;;;;;
23/05/2026; 7 ; 0,31 ;;; 1 ; 0,0 ; 8 ; 0,34 ;;;;;;;;;;;; -   ; -   ;20; 0,89 ;;;; Rp- ;;;;;;;;;;;;;;;;;;
24/05/2026; 9 ; 0,38 ;;;;; 9 ; 0,38 ;;;;;;;;;;;; -   ; -   ;29; 1,27 ;;;; Rp- ;;;;;;;;;;;;;;;;;;
25/05/2026; 5 ; 0,24 ; 1 ; 0,0 ;;; 6 ; 0,27 ;;;;;;;;;;;; -   ; -   ;35; 1,54 ;;;; Rp- ;;;;;;;;;;;;;;;;;;
26/05/2026; 16 ; 0,70 ;;; 1 ; 0,0 ; 17 ; 0,73 ;;;;;;;;;;;; -   ; -   ;52; 2,27 ;;;; Rp- ;;;;;;;;;;;;;;;;;;
27/05/2026; 21 ; 0,90 ;;; 1 ; 0,0 ; 22 ; 0,93 ;;;;;;;;;;;; -   ; -   ;74; 3,20 ;;;; Rp- ;;;;;;;;;;;;;;;;;;
28/05/2026; 26 ; 1,18 ;;;;; 26 ; 1,18 ;;;;;;;;;;;; -   ; -   ;100; 4,38 ;;;; Rp- ;;;;;;;;;;;;;;;;;;
29/05/2026; 39 ; 1,76 ;;;;; 39 ; 1,76 ;;;;;;;;;;;; -   ; -   ;139; 6,14 ;;;; Rp- ;;;;;;;;;;;;;;;;;;
30/05/2026; 64 ; 2,93 ; 1 ; 0,1 ; 2 ; 0,1 ; 67 ; 3,04 ;;;;;;;;;;;; -   ; -   ;206; 9,18 ;;;; Rp- ;;;;;;;;;;;;;;;;;;
31/05/2026; 93 ; 4,16 ; 3 ; 0,1 ; 3 ; 0,1 ; 99 ; 4,37 ;;;;;;;;;;;; -   ; -   ;305; 13,55 ;;;; Rp- ;;;;;;;;;;;;;;;;;;
01/06/2026; 166 ; 7,53 ; 2 ; 0,1 ; 10 ; 0,3 ; 178 ; 7,91 ;;;;;;;;;;;; -   ; -   ;483; 21,46 ;;;; Rp- ;;;;;;;;;;;;;;;;;;
02/06/2026; 276 ; 12,78 ; 7 ; 0,3 ; 11 ; 0,4 ; 294 ; 13,45 ;;;;;;;;;;;; -   ; -   ;777; 34,91 ;;;; Rp- ;;;;;;;;;;;;;;;;;;
03/06/2026; 500 ; 22,70 ; 9 ; 0,4 ; 4 ; 0,1 ; 513 ; 23,20 ; 311 ; 16,0 ; Rp22.000 ;;;;;;;;; 311 ; 16,0 ;979; 42,11 ;;;; Rp352.000 ;;;;;;;;;;;;;;;;;;
04/06/2026; 699 ; 31,60 ; 12 ; 0,5 ; 9 ; 0,3 ; 720 ; 32,40 ; 538 ; 24,0 ; Rp22.000 ;;;;;;;;; 538 ; 24 ;1.161; 50,51 ;;;; Rp528.000 ;;;;;;;;;;;;;;;;;;
05/06/2026; 1.053 ; 48,10 ; 8 ; 0,3 ; 24 ; 0,8 ; 1.085 ; 49,20 ; 194 ; 10,0 ; Rp22.200 ;;;;;;;;; 194 ; 10,0 ;2.052; 89,71 ;;;; Rp222.000 ;;;;;;;;;;;;;;;;;;
06/06/2026; 1.500 ; 69,00 ; 26 ; 1,0 ; 15 ; 0,6 ; 1.541 ; 70,60 ; 245 ; 11,0 ; Rp22.200 ;;;;;;;;; 245 ; 11,0 ;3.348; 149,31 ;;;; Rp244.200 ;;;;;;;;;;;;;;;;;;
07/06/2026; 1.983 ; 92,20 ; 27 ; 1,0 ; 24 ; 0,9 ; 2.034 ; 94,10 ;;;;;;;;;;;; -   ; -   ;5.382; 243,41 ;;;; Rp- ;;;;;;;;;;;;;;;;;;
08/06/2026; 2.442 ; 114,10 ; 27 ; 1,2 ; 23 ; 0,8 ; 2.492 ; 116,10 ; 231 ; 10,0 ; Rp22.000 ;;;;;;;;; 231 ; 10,0 ;7.643; 349,51 ;;;; Rp220.000 ;;;;;;;;;;;;;;;;;;
09/06/2026; 2.880 ; 137,50 ; 23 ; 1,0 ; 31 ; 1,2 ; 2.934 ; 139,70 ; 454 ; 21,0 ; Rp22.000 ;;;;;;;;; 454 ; 21,0 ;10.123; 468,21 ;;;; Rp462.000 ;;;;;;;;;;;;;;;;;;
10/06/2026; 3.210 ; 155,00 ; 27 ; 1,2 ; 33 ; 1,3 ; 3.270 ; 157,50 ; 2.991 ; 139,5 ; Rp21.500 ;;;;;;;;; 2.991 ; 139,5 ;10.402; 486,21 ;;; Rp21.500 ; Rp2.999.250 ;;;;;;;;;;;;;;;;;;
10/06/2026;;;;;;;;; 4.442 ; 202,0 ; Rp21.500 ;;;;;;;;; 4.442 ; 202,0 ;5.960; 284,21 ;;; Rp21.500 ; Rp4.343.000 ;;;;;;;;;;;;;;;;;;
10/06/2026;;;;;;;;; 3.092 ; 145,7 ; Rp20.700 ;;;;;;;;; 3.092 ; 145,7 ;2.868; 138,51 ;;; Rp21.500 ; Rp3.015.990 ;;;;;;;;;;;;;;;;;;
11/06/2026; 3.525 ; 172,10 ; 37 ; 1,6 ; 31 ; 1,1 ; 3.593 ; 174,80 ; 1.090 ; 52,0 ; Rp22.000 ;;;;;;;;; 1.090 ; 52,0 ;5.371; 261,31 ;;; Rp21.500 ; Rp1.144.000 ;;;;;;;;;;;;;;;;;;
12/06/2026; 3.720 ; 184,30 ; 32 ; 1,5 ; 25 ; 0,9 ; 3.777 ; 186,70 ; 2.678 ; 130,0 ; Rp22.000 ;;;;;;;;; 2.678 ; 130,0 ;6.470; 318,01 ;;; Rp21.800 ; Rp2.860.000 ;;;;;;;;;;;;;;;;;;
13/06/2026; 3.961 ; 198,00 ; 45 ; 2,2 ; 9 ; 0,3 ; 4.015 ; 200,50 ; 2.000 ; 108,0 ; Rp22.300 ;;;;;;;;; 2.000 ; 108,0 ;8.485; 410,51 ;;; Rp21.800 ; Rp2.408.400 ;;;;;;;;;;;;;;;;;;
13/06/2026;;;;;;;;; 597 ; 18,0 ; Rp22.800 ;;;;;;;;; 597 ; 18,0 ;7.888; 392,51 ;;; Rp21.800 ; Rp410.400 ;;;;;;;;;;;;;;;;;;
13/06/2026;;;;;;;;;;;; 21 ; 1,0 ; Rp19.300 ;;;;;; 21 ; 1,0 ;7.867; 391,51 ;;; Rp21.800 ; Rp19.300 ;;;;;;;;;;;;;;;;;;
13/06/2026;;;;;;;;;;;;;;;;;;107;2,6; 107 ; 2,6 ;7.760; 388,91 ;;; Rp21.800 ; Rp- ;;;;;;;;;;;;;;;;;;
14/06/2026; 4.134 ; 208,50 ; 34 ; 1,6 ; 13 ; 0,4 ; 4.181 ; 210,50 ; 457 ; 23,0 ; Rp22.500 ;;;;;;;;; 457 ; 23,0 ;11.484; 576,41 ;;; Rp21.500 ; Rp517.500 ;;;;;;;;;;;;;;;;;;
15/06/2026; 4.200 ; 213,80 ; 23 ; 1,1 ; 17 ; 0,6 ; 4.240 ; 215,50 ; 397 ; 20,0 ; Rp22.300 ;;;;;;;;; 397 ; 20,0 ;15.327; 771,91 ;;; Rp21.000 ; Rp446.000 ;;;;;;;;;;;;;;;;;;
16/06/2026; 4.340 ; 223,00 ; 28 ; 1,3 ; 22 ; 0,7 ; 4.390 ; 225,00 ; 9.739 ; 483,0 ; Rp21.300 ;;;;;;;;; 9.739 ; 483,0 ;9.978; 513,91 ;;; Rp20.800 ; Rp10.287.900 ;;;;;;;;;;;;;;;;;;
17/06/2026; 4.511 ; 234,20 ; 28 ; 1,3 ; 15 ; 0,5 ; 4.554 ; 236,00 ; 6.814 ; 343,0 ; Rp20.900 ;;;;;;;;; 6.814 ; 343,0 ;7.718; 406,91 ;;; Rp20.600 ; Rp7.168.700 ;;;;;;;;;;;;;;;;;;
17/06/2026;;;;;;;;;;;;;;; 44 ; 2,0 ; Rp15.000 ;;; 44 ; 2,0 ;7.674; 404,91 ;;; Rp20.600 ; Rp30.000 ;;;;;;;;;;;;;;;;;;
18/06/2026; 4.554 ; 236,50 ; 24 ; 1,2 ; 24 ; 0,8 ; 4.602 ; 238,50 ; 2.339 ; 120,0 ; Rp20.900 ;;;;;;;;; 2.339 ; 120,0 ;9.937; 523,41 ;;; Rp20.400 ; Rp2.508.000 ;;;;;;;;;;;;;;;;;;
18/06/2026;;;;;;;;; 371 ; 19,0 ; Rp21.100 ;;;;;;;;; 371 ; 19,0 ;9.566; 504,41 ;;; Rp20.400 ; Rp400.900 ;;;;;;;;;;;;;;;;;;
19/06/2026; 4.618 ; 244,40 ; 22 ; 1,1 ; 15 ; 0,5 ; 4.655 ; 246,00 ; 2.099 ; 110,0 ; Rp20.900 ;;;;;;;;; 2.099 ; 110,0 ;12.122; 640,41 ;;; Rp20.000 ; Rp2.299.000 ;;;;;;;;;;;;;;;;;;
19/06/2026;;;;;;;;; 10.000 ; 520,0 ; Rp20.300 ;;;;;;;;; 10.000 ; 520,0 ;2.122; 120,41 ;;; Rp20.000 ; Rp10.556.000 ;;;;;;;;;;;;;;;;;;
19/06/2026;;;;;;;;; 210 ; 10,0 ; Rp18.000 ;;;;;;;;; 210 ; 10,0 ;1.912; 110,41 ;;; Rp20.000 ; Rp180.000 ;;;;;;;;;;;;;;;;;;
19/06/2026;;;;;;;;;;;;;;;;;;157;2,9; 157 ; 2,9 ;1.755; 107,51 ;;; Rp20.000 ; Rp- ;;;;;;;;;;;;;;;;;;
20/06/2026; 4.641 ; 248,30 ; 18 ; 0,8 ; 33 ; 1,2 ; 4.692 ; 250,30 ; 922 ; 48,0 ; Rp20.100 ;;;;;;;;; 922 ; 48,0 ;5.525; 309,81 ;;; Rp20.000 ; Rp964.800 ;;;;;;;;;;;;;;;;;;
21/06/2026; 4.699 ; 253,50 ; 14 ; 0,9 ; 15 ; 0,5 ; 4.728 ; 254,90 ; 10.055 ; 538,0 ; Rp20.100 ;;;;;;;;; 10.055 ; 538,0 ;198; 26,71 ;;; Rp19.800 ; Rp10.813.800 ;;;;;;;;;;;;;;;;;;
21/06/2026;;;;;;;;;;;;;;; 40 ; 2,0 ; Rp15.000 ;37;1,0; 77 ; 3,0 ;121; 23,71 ; 106,00 ; 4,90 ; Rp19.800 ; Rp30.000 ;;;;;;;;;;;;;;;;;;
22/06/2026; 4.690 ; 255,70 ; 23 ; 1,0 ; 17 ; 0,7 ; 4.730 ; 257,40 ; 3.675 ; 200,0 ; Rp19.800 ;;;;;;;;; 3.675 ; 200,0 ;1.253; 84,11 ;;; Rp19.500 ; Rp3.960.000 ;;;;;;;;;;;;;;;;;;
22/06/2026;;;;;;;;; 19 ; 1,0 ; Rp20.500 ;;;;;;;;; 19 ; 1,0 ;1.234; 83,11 ;;; Rp19.500 ; Rp20.500 ;;;;;;;;;;;;;;;;;;
23/06/2026; 4.753 ; 259,50 ; 14 ; 0,6 ; 20 ; 0,6 ; 4.787 ; 260,70 ; 1.098 ; 60,0 ; Rp19.300 ;;;;;;;;; 1.098 ; 60,0 ;4.942; 284,81 ;;; Rp19.000 ; Rp1.158.000 ;;;;;;;;;;;;;;;;;;
23/06/2026;;;;;;;;; 37 ; 2,0 ; Rp20.000 ;;;;;;;;; 37 ; 2,0 ;4.905; 282,81 ;;; Rp19.000 ; Rp40.000 ;;;;;;;;;;;;;;;;;;
23/06/2026;;;;;;;;; 1.842 ; 100,0 ; Rp19.500 ;;;;;;;;; 1.842 ; 100,0 ;3.063; 182,81 ;;; Rp19.000 ; Rp1.950.000 ;;;;;;;;;;;;;;;;;;
24/06/2026; 4.785 ; 263,30 ; 20 ; 1,0 ; 11 ; 0,4 ; 4.816 ; 264,70 ;;;;;;;;;;;; -   ; -   ;7.879; 447,51 ;;; Rp18.500 ; Rp- ;;;;;;;;;;;;;;;;;;
25/06/2026;;;;;;; -   ; -   ;;;;;;;;;;;; -   ; -   ;;;;;; Rp- ;;;;;;;;;;;;;;;;;;
;;;;;;;;;;;;;;;;;;;;;;;;;;;;;;;;;;;;;;;;;;;;;
;;;;;;;;;;;;;;;;;;;;;;;;;;;;;;;;;;;;;;;;;;;;;
;;;;;;;;;;;;;;;;;;;;;;;;;;;;;;;;;;;;;;;;;;;;;
;;;;;;;;;;;;;;;;;;;;;;;;;;;;;;;;;;;;;;;;;;;;;
;;;;;;;;;;;;;;;;;;;;;;;;;;;;;;;;;;;;;;;;;;;;;
;;;;;;;;;;;;;;;;;;;;;;;;;;;;;;;;;;;;;;;;;;;;;
;;;;;;;;;;;;;;;;;;;;;;;;;;;;;;;;;;;;;;;;;;;;;
;;;;;;;;;;;;;;;;;;;;;;;;;;;;;;;;;;;;;;;;;;;;;
;;;;;;;;;;;;;;;;;;;;;;;;;;;;;;;;;;;;;;;;;;;;;
;;;;;;;;;;;;;;;;;;;;;;;;;;;;;;;;;;;;;;;;;;;;;
;;;;;;;;;;;;;;;;;;;;;;;;;;;;;;;;;;;;;;;;;;;;;
;;;;;;;;;;;;;;;;;;;;;;;;;;;;;;;;;;;;;;;;;;;;;
;;;;;;;;;;;;;;;;;;;;;;;;;;;;;;;;;;;;;;;;;;;;;
