id,tanggal,kandang,user_input,data,created_at,updated_at
f50c31d9-173f-4551-ab10-0582bdcecbad,2026-06-24,TF 1,Saiful,"{""user"": ""Saiful"", ""pakan"": [{""kode"": ""324-AT"", ""jumlah"": 525}], ""catatan"": """", ""deplesi"": {""mati"": ""0"", ""afkir"": ""0"", ""total"": ""0""}, ""kandang"": ""TF 1"", ""tanggal"": ""2026-06-24"", ""produksi"": {""hdp"": ""94.39 %"", ""crem"": {""kilo"": ""1"", ""butir"": ""20""}, ""total"": {""kilo"": ""264.70"", ""butir"": ""4816""}, ""normal"": {""kilo"": ""263.3"", ""butir"": ""4785""}, ""ceplokan"": {""kilo"": ""0"", ""butir"": ""0""}, ""berat_rata"": ""55.0 g"", ""bentes_kering"": {""kilo"": ""0.4"", ""butir"": ""11""}}, ""air_liter"": ""1320"", ""kesehatan"": {""obat"": [], ""vaksin"": [], ""vitamin"": [{""nama"": ""Biogreen"", ""jumlah"": 150, ""satuan"": ""ml"", ""supplier"": ""PT SHS 2""}]}, ""sisa_ayam"": ""5102"", ""harga_pasar"": 18500, ""pct_deplesi"": ""0.00 %""}",2026-06-24 10:04:51.894273+00,2026-06-24 10:04:51.894273+00
e19af014-bda5-48a6-8fe0-f8268a1385f9,2026-06-23,TF 1,Afin,"{""user"": ""Afin"", ""pakan"": [{""kode"": ""324-AT"", ""jumlah"": 550}], ""catatan"": """", ""deplesi"": {""mati"": ""1"", ""afkir"": ""0"", ""total"": ""1""}, ""kandang"": ""TF 1"", ""tanggal"": ""2026-06-23"", ""produksi"": {""hdp"": ""93.83 %"", ""cream"": {""kilo"": ""0.6"", ""butir"": ""14""}, ""retak"": {""kilo"": ""0.6"", ""butir"": ""20""}, ""total"": {""kilo"": ""260.70"", ""butir"": ""4787""}, ""normal"": {""kilo"": ""259.5"", ""butir"": ""4753""}, ""berat_rata"": ""54.5 g""}, ""air_liter"": ""1385"", ""kesehatan"": {""obat"": [], ""vaksin"": [], ""vitamin"": [{""nama"": ""Biogreen"", ""jumlah"": 150, ""satuan"": ""ml"", ""supplier"": ""PT SHS 2""}]}, ""sisa_ayam"": ""5102"", ""harga_pasar"": 19000, ""pct_deplesi"": ""0.02 %""}",2026-06-23 09:06:18.798246+00,2026-06-23 09:06:18.798246+00
ffb37240-362a-4e94-b87a-06bc23e879a7,2026-06-22,TF 1,Saiful,"{""user"": ""Saiful"", ""pakan"": [{""kode"": ""324-AT"", ""jumlah"": 550}], ""catatan"": """", ""deplesi"": {""mati"": ""0"", ""afkir"": ""0"", ""total"": ""0""}, ""kandang"": ""TF 1"", ""tanggal"": ""2026-06-22"", ""produksi"": {""hdp"": ""92.69 %"", ""cream"": {""kilo"": ""1"", ""butir"": ""23""}, ""retak"": {""kilo"": ""0.7"", ""butir"": ""17""}, ""total"": {""kilo"": ""257.40"", ""butir"": ""4730""}, ""normal"": {""kilo"": ""255.7"", ""butir"": ""4690""}, ""berat_rata"": ""54.4 g""}, ""air_liter"": ""1345"", ""kesehatan"": {""obat"": [], ""vaksin"": [], ""vitamin"": []}, ""sisa_ayam"": ""5103"", ""harga_pasar"": 19500, ""pct_deplesi"": ""0.00 %""}",2026-06-22 08:51:57.576052+00,2026-06-22 08:51:57.576052+00
a3744473-2265-4fec-9c69-f2afb01d3234,2026-06-21,TF 1,Saiful,"{""user"": ""Saiful"", ""pakan"": [{""kode"": ""324-AT"", ""jumlah"": 550}], ""catatan"": ""Widecilin 200 gr/400 ltr air\nNopstres 200 gr/400 ltr air"", ""deplesi"": {""mati"": ""0"", ""afkir"": ""0"", ""total"": ""0""}, ""kandang"": ""TF 1"", ""tanggal"": ""2026-06-21"", ""produksi"": {""hdp"": ""92.65 %"", ""cream"": {""kilo"": ""0.9"", ""butir"": ""14""}, ""retak"": {""kilo"": ""0.5"", ""butir"": ""15""}, ""total"": {""kilo"": ""254.90"", ""butir"": ""4728""}, ""normal"": {""kilo"": ""253.5"", ""butir"": ""4699""}, ""berat_rata"": ""53.9 g""}, ""air_liter"": ""01269"", ""kesehatan"": {""obat"": [], ""vaksin"": [], ""vitamin"": []}, ""sisa_ayam"": ""5103"", ""harga_pasar"": 19800, ""pct_deplesi"": ""0.00 %""}",2026-06-21 10:42:19.365213+00,2026-06-21 10:42:19.365213+00
82ecf476-669c-4267-b46e-4b18b322184b,2026-06-20,TF 1,Afin,"{""user"": ""Afin"", ""pakan"": [{""kode"": ""324-AT"", ""jumlah"": 550}], ""catatan"": ""Widecilin 200gr/400ltr"", ""deplesi"": {""mati"": ""1"", ""afkir"": ""0"", ""total"": ""1""}, ""kandang"": ""TF 1"", ""tanggal"": ""2026-06-20"", ""produksi"": {""hdp"": ""91.95 %"", ""cream"": {""kilo"": ""0.8"", ""butir"": ""18""}, ""retak"": {""kilo"": ""1.2"", ""butir"": ""33""}, ""total"": {""kilo"": ""250.30"", ""butir"": ""4692""}, ""normal"": {""kilo"": ""248.3"", ""butir"": ""4641""}, ""berat_rata"": ""53.3 g""}, ""air_liter"": ""1223"", ""kesehatan"": {""obat"": [], ""vaksin"": [], ""vitamin"": [{""nama"": ""Nop-Stress"", ""jumlah"": 200, ""satuan"": ""ml"", ""supplier"": ""PT SHS 1""}]}, ""sisa_ayam"": ""5103"", ""harga_pasar"": 20000, ""pct_deplesi"": ""0.02 %""}",2026-06-20 09:25:22.516289+00,2026-06-20 09:25:22.516289+00
4822ce47-369c-46fc-b997-5b7e6fcd75b4,2026-06-19,TF 1,Afin,"{""user"": ""Afin"", ""pakan"": [{""kode"": ""324-AT"", ""jumlah"": 550}], ""catatan"": ""Widecilin 200gr/400ltr"", ""deplesi"": {""mati"": ""0"", ""afkir"": ""0"", ""total"": ""0""}, ""kandang"": ""TF 1"", ""tanggal"": ""2026-06-19"", ""produksi"": {""hdp"": ""91.20 %"", ""cream"": {""kilo"": ""1.1"", ""butir"": ""22""}, ""retak"": {""kilo"": ""0.5"", ""butir"": ""15""}, ""total"": {""kilo"": ""246.00"", ""butir"": ""4655""}, ""normal"": {""kilo"": ""244.4"", ""butir"": ""4618""}, ""berat_rata"": ""52.8 g""}, ""air_liter"": ""1228"", ""kesehatan"": {""obat"": [], ""vaksin"": [], ""vitamin"": [{""nama"": ""Nop-Stress"", ""jumlah"": 200, ""satuan"": ""ml"", ""supplier"": ""PT SHS 1""}]}, ""sisa_ayam"": ""5104"", ""harga_pasar"": 20000, ""pct_deplesi"": ""0.00 %""}",2026-06-19 09:28:06.324038+00,2026-06-19 09:28:06.324038+00
4393050b-50c7-4066-a627-d132a52ad935,2026-06-18,TF 1,Afin,"{""user"": ""Afin"", ""pakan"": [{""kode"": ""324-AT"", ""jumlah"": 525}], ""catatan"": ""Widecilin 200gr/400ltr"", ""deplesi"": {""mati"": ""0"", ""afkir"": ""0"", ""total"": ""0""}, ""kandang"": ""TF 1"", ""tanggal"": ""2026-06-18"", ""produksi"": {""hdp"": ""90.16 %"", ""cream"": {""kilo"": ""1.2"", ""butir"": ""24""}, ""retak"": {""kilo"": ""0.8"", ""butir"": ""24""}, ""total"": {""kilo"": ""238.50"", ""butir"": ""4602""}, ""normal"": {""kilo"": ""236.5"", ""butir"": ""4554""}, ""berat_rata"": ""51.8 g""}, ""air_liter"": ""1206"", ""kesehatan"": {""obat"": [], ""vaksin"": [], ""vitamin"": [{""nama"": ""Nop-Stress"", ""jumlah"": 200, ""satuan"": ""ml"", ""supplier"": ""PT SHS 1""}]}, ""sisa_ayam"": ""5104"", ""harga_pasar"": 20400, ""pct_deplesi"": ""0.00 %""}",2026-06-18 09:53:55.874049+00,2026-06-18 09:53:55.874049+00
54ebc0c3-3cde-4f5f-80d7-ba00359564aa,2026-06-17,TF 1,Afin,"{""user"": ""Afin"", ""pakan"": [{""kode"": ""324-AT"", ""jumlah"": 525}], ""catatan"": ""Widecilin 200gr/400ltr"", ""deplesi"": {""mati"": ""0"", ""afkir"": ""0"", ""total"": ""0""}, ""kandang"": ""TF 1"", ""tanggal"": ""2026-06-17"", ""produksi"": {""hdp"": ""89.22 %"", ""cream"": {""kilo"": ""1.3"", ""butir"": ""28""}, ""retak"": {""kilo"": ""0.5"", ""butir"": ""15""}, ""total"": {""kilo"": ""236.00"", ""butir"": ""4554""}, ""normal"": {""kilo"": ""234.2"", ""butir"": ""4511""}, ""berat_rata"": ""51.8 g""}, ""air_liter"": ""1277"", ""kesehatan"": {""obat"": [], ""vaksin"": [], ""vitamin"": [{""nama"": ""Nop-Stress"", ""jumlah"": 200, ""satuan"": ""ml"", ""supplier"": ""PT SHS 1""}]}, ""sisa_ayam"": ""5104"", ""harga_pasar"": 20600, ""pct_deplesi"": ""0.00 %""}",2026-06-17 09:35:05.97156+00,2026-06-17 09:35:05.97156+00
3e6ff629-7d12-4dce-aa8c-08698fb62dd2,2026-06-16,TF 1,Afin,"{""user"": ""Afin"", ""pakan"": [{""kode"": ""324-AT"", ""jumlah"": 525}], ""catatan"": ""Vitamin E 200gr/400ltr"", ""deplesi"": {""mati"": ""0"", ""afkir"": ""0"", ""total"": ""0""}, ""kandang"": ""TF 1"", ""tanggal"": ""2026-06-16"", ""produksi"": {""hdp"": ""86.01 %"", ""cream"": {""kilo"": ""1.3"", ""butir"": ""28""}, ""retak"": {""kilo"": ""0.7"", ""butir"": ""22""}, ""total"": {""kilo"": ""225.00"", ""butir"": ""4390""}, ""normal"": {""kilo"": ""223"", ""butir"": ""4340""}, ""berat_rata"": ""51.3 g""}, ""air_liter"": ""1162"", ""kesehatan"": {""obat"": [], ""vaksin"": [], ""vitamin"": []}, ""sisa_ayam"": ""5104"", ""harga_pasar"": 20800, ""pct_deplesi"": ""0.00 %""}",2026-06-16 10:12:03.915524+00,2026-06-16 10:12:03.915524+00
65c59638-3644-423f-97dd-7e1a04b6c13b,2026-06-15,TF 1,Afin,"{""user"": ""Afin"", ""pakan"": [{""kode"": ""324-AT"", ""jumlah"": 525}], ""catatan"": ""Vitamin E 200gr/400ltr"", ""deplesi"": {""mati"": ""0"", ""afkir"": ""0"", ""total"": ""0""}, ""kandang"": ""TF 1"", ""tanggal"": ""2026-06-15"", ""produksi"": {""hdp"": ""83.07 %"", ""cream"": {""kilo"": ""1.1"", ""butir"": ""23""}, ""retak"": {""kilo"": ""0.6"", ""butir"": ""17""}, ""total"": {""kilo"": ""215.5"", ""butir"": ""4240""}, ""normal"": {""kilo"": ""213.8"", ""butir"": ""4200""}, ""berat_rata"": ""50.8 g""}, ""air_liter"": ""1218"", ""kesehatan"": {""obat"": [], ""vaksin"": [], ""vitamin"": []}, ""sisa_ayam"": ""5104"", ""harga_pasar"": 21000, ""pct_deplesi"": ""0.00 %""}",2026-06-15 10:53:58.500983+00,2026-06-15 10:53:58.500983+00
1535ad56-ff52-42da-85ef-5bc567d410b7,2026-06-14,TF 1,Afin,"{""user"": ""Afin"", ""pakan"": [{""kode"": ""324-AT"", ""jumlah"": 525}], ""catatan"": ""Vitamin E 200 gr/400ltr"", ""deplesi"": {""mati"": ""0"", ""afkir"": ""0"", ""total"": ""0""}, ""kandang"": ""TF 1"", ""tanggal"": ""2026-06-14"", ""produksi"": {""hdp"": ""81.92 %"", ""cream"": {""kilo"": ""1.6"", ""butir"": ""34""}, ""retak"": {""kilo"": ""0.4"", ""butir"": ""13""}, ""total"": {""kilo"": ""210.50"", ""butir"": ""4181""}, ""normal"": {""kilo"": ""208.5"", ""butir"": ""4134""}, ""berat_rata"": ""50.3 g""}, ""air_liter"": ""1136"", ""kesehatan"": {""obat"": [], ""vaksin"": [], ""vitamin"": []}, ""sisa_ayam"": ""5104"", ""harga_pasar"": 21500, ""pct_deplesi"": ""0.00 %""}",2026-06-14 09:40:29.887785+00,2026-06-14 09:40:29.887785+00
df1f3cc2-9343-4a14-8784-2b273bec4ff1,2026-06-13,TF 1,Saiful,"{""user"": ""Saiful"", ""pakan"": [{""kode"": ""324-AT"", ""jumlah"": 525}], ""catatan"": ""Vitamin E 200gr/400 ltr air"", ""deplesi"": {""mati"": ""0"", ""afkir"": ""0"", ""total"": ""0""}, ""kandang"": ""TF 1"", ""tanggal"": ""2026-06-13"", ""produksi"": {""hdp"": ""78.66 %"", ""cream"": {""kilo"": ""2.2"", ""butir"": ""45""}, ""retak"": {""kilo"": ""0.3"", ""butir"": ""9""}, ""total"": {""kilo"": ""200.50"", ""butir"": ""4015""}, ""normal"": {""kilo"": ""198"", ""butir"": ""3961""}, ""berat_rata"": ""49.9 g""}, ""air_liter"": ""1268"", ""kesehatan"": {""obat"": [], ""vaksin"": [], ""vitamin"": []}, ""sisa_ayam"": ""5104"", ""harga_pasar"": 21800, ""pct_deplesi"": ""0.00 %""}",2026-06-13 09:26:28.102398+00,2026-06-13 09:26:28.102398+00
c32e6a5a-ac8c-4938-b655-ce49a6d98e27,2026-06-12,TF 1,Afin,"{""user"": ""Afin"", ""pakan"": [{""kode"": ""324-AT"", ""jumlah"": 525}], ""catatan"": ""Vitamin E 200gr/400ltr"", ""deplesi"": {""mati"": ""1"", ""afkir"": ""0"", ""total"": ""1""}, ""kandang"": ""TF 1"", ""tanggal"": ""2026-06-12"", ""produksi"": {""hdp"": ""74.00 %"", ""cream"": {""kilo"": ""1.5"", ""butir"": ""32""}, ""retak"": {""kilo"": ""0.9"", ""butir"": ""25""}, ""total"": {""kilo"": ""186.70"", ""butir"": ""3777""}, ""normal"": {""kilo"": ""184.3"", ""butir"": ""3720""}, ""berat_rata"": ""49.4 g""}, ""air_liter"": ""1214"", ""kesehatan"": {""obat"": [], ""vaksin"": [], ""vitamin"": []}, ""sisa_ayam"": ""5104"", ""harga_pasar"": 21800, ""pct_deplesi"": ""0.02 %""}",2026-06-12 09:38:49.295562+00,2026-06-12 09:38:49.295562+00
e9a53e4a-ea73-49b1-8581-4740471ba98e,2026-06-11,TF 1,Afin,"{""user"": ""Afin"", ""pakan"": [{""kode"": ""324-AT"", ""jumlah"": 525}], ""catatan"": ""Afkir di bedah"", ""deplesi"": {""mati"": ""0"", ""afkir"": ""2"", ""total"": ""2""}, ""kandang"": ""TF 1"", ""tanggal"": ""2026-06-11"", ""produksi"": {""hdp"": ""70.38 %"", ""cream"": {""kilo"": ""1.6"", ""butir"": ""37""}, ""retak"": {""kilo"": ""1.1"", ""butir"": ""31""}, ""total"": {""kilo"": ""174.80"", ""butir"": ""3593""}, ""normal"": {""kilo"": ""172.1"", ""butir"": ""3525""}, ""berat_rata"": ""48.7 g""}, ""air_liter"": ""1188"", ""kesehatan"": {""obat"": [], ""vaksin"": [], ""vitamin"": []}, ""sisa_ayam"": ""5105"", ""harga_pasar"": 21500, ""pct_deplesi"": ""0.04 %""}",2026-06-11 09:37:14.998449+00,2026-06-11 09:37:14.998449+00
62c387ef-cf9c-4804-bcd5-331da908d13a,2026-06-10,TF 1,Afin,"{""user"": ""Afin"", ""pakan"": [{""kode"": ""324-AT"", ""jumlah"": 525}], ""catatan"": """", ""deplesi"": {""mati"": ""0"", ""afkir"": ""0"", ""total"": ""0""}, ""kandang"": ""TF 1"", ""tanggal"": ""2026-06-10"", ""produksi"": {""hdp"": ""64.03 %"", ""cream"": {""kilo"": ""1.2"", ""butir"": ""27""}, ""retak"": {""kilo"": ""1.3"", ""butir"": ""33""}, ""total"": {""kilo"": ""157.50"", ""butir"": ""3270""}, ""normal"": {""kilo"": ""155"", ""butir"": ""3210""}, ""berat_rata"": ""48.2 g""}, ""air_liter"": ""1134"", ""kesehatan"": {""obat"": [], ""vaksin"": [], ""vitamin"": []}, ""sisa_ayam"": ""5107"", ""harga_pasar"": 21500, ""pct_deplesi"": ""0.00 %""}",2026-06-10 09:22:10.45038+00,2026-06-10 09:22:10.45038+00
f781f5ec-b1a3-4446-9bc3-8732426be80f,2026-06-09,TF 1,Afin,"{""user"": ""Afin"", ""pakan"": [{""kode"": ""324-AT"", ""jumlah"": 500}], ""catatan"": ""Vitamin E 200gr/400ltr"", ""deplesi"": {""mati"": ""0"", ""afkir"": ""0"", ""total"": ""0""}, ""kandang"": ""TF 1"", ""tanggal"": ""2026-06-09"", ""produksi"": {""hdp"": ""57.45 %"", ""cream"": {""kilo"": ""1"", ""butir"": ""23""}, ""retak"": {""kilo"": ""1.2"", ""butir"": ""31""}, ""total"": {""kilo"": ""139.70"", ""butir"": ""2934""}, ""normal"": {""kilo"": ""137.5"", ""butir"": ""2880""}, ""berat_rata"": ""47.6 g""}, ""air_liter"": ""1070"", ""kesehatan"": {""obat"": [], ""vaksin"": [], ""vitamin"": []}, ""sisa_ayam"": ""5107"", ""harga_pasar"": 0, ""pct_deplesi"": ""0.00 %""}",2026-06-09 09:30:18.260759+00,2026-06-09 09:30:18.260759+00
5e61294a-3a5c-4e38-a102-b340e03d2bb0,2026-06-08,TF 1,Saiful,"{""user"": ""Saiful"", ""pakan"": [{""kode"": ""324-AT"", ""jumlah"": 500}], ""catatan"": ""Vitamin E 200gr/400ltr"", ""deplesi"": {""mati"": ""0"", ""afkir"": ""0"", ""total"": ""0""}, ""kandang"": ""TF 1"", ""tanggal"": ""2026-06-08"", ""produksi"": {""hdp"": ""48.80 %"", ""cream"": {""kilo"": ""1.2"", ""butir"": ""27""}, ""retak"": {""kilo"": ""0.8"", ""butir"": ""23""}, ""total"": {""kilo"": ""116.10"", ""butir"": ""2492""}, ""normal"": {""kilo"": ""114.1"", ""butir"": ""2442""}, ""berat_rata"": ""46.6 g""}, ""air_liter"": ""965"", ""kesehatan"": {""obat"": [], ""vaksin"": [], ""vitamin"": [{""nama"": ""Nop-Stress"", ""jumlah"": 200, ""satuan"": ""ml"", ""supplier"": ""PT SHS 1""}]}, ""sisa_ayam"": ""5107"", ""harga_pasar"": 21500, ""pct_deplesi"": ""0.00 %""}",2026-06-08 09:39:29.048022+00,2026-06-08 09:39:29.048022+00
0957bb66-27c0-4e96-8f1e-82e35c52ae0f,2026-06-07,TF 1,Afin,"{""user"": ""Afin"", ""pakan"": [{""kode"": ""324-AT"", ""jumlah"": 500}], ""catatan"": ""Vitamin E 200gr/400ltr"", ""deplesi"": {""mati"": ""0"", ""afkir"": ""0"", ""total"": ""0""}, ""kandang"": ""TF 1"", ""tanggal"": ""2026-06-07"", ""produksi"": {""hdp"": ""39.83 %"", ""cream"": {""kilo"": ""1"", ""butir"": ""24""}, ""retak"": {""kilo"": ""0.9"", ""butir"": ""27""}, ""total"": {""kilo"": ""96.00"", ""butir"": ""2034""}, ""normal"": {""kilo"": ""94.1"", ""butir"": ""1983""}, ""berat_rata"": ""47.2 g""}, ""air_liter"": ""1046"", ""kesehatan"": {""obat"": [], ""vaksin"": [], ""vitamin"": [{""nama"": ""Nop-Stress"", ""jumlah"": 200, ""satuan"": ""ml"", ""supplier"": ""PT SHS 1""}]}, ""sisa_ayam"": ""5107"", ""harga_pasar"": 0, ""pct_deplesi"": ""0.00 %""}",2026-06-07 09:47:08.582514+00,2026-06-07 09:47:08.582514+00
03d5b0ab-ea69-40ad-bc54-5eae889c90f9,2026-06-06,TF 1,Afin,"{""user"": ""Afin"", ""pakan"": [{""kode"": ""324-AT"", ""jumlah"": 500}], ""catatan"": ""Vitamin E 200ml/400ltr\nNobilis ND+IB 5000ds"", ""deplesi"": {""mati"": ""0"", ""afkir"": ""0"", ""total"": ""0""}, ""kandang"": ""TF 1"", ""tanggal"": ""2026-06-06"", ""produksi"": {""hdp"": ""30.17 %"", ""cream"": {""kilo"": ""1"", ""butir"": ""26""}, ""retak"": {""kilo"": ""0.6"", ""butir"": ""15""}, ""total"": {""kilo"": ""70.60"", ""butir"": ""1541""}, ""normal"": {""kilo"": ""69"", ""butir"": ""1500""}, ""berat_rata"": ""45.8 g""}, ""air_liter"": ""950"", ""kesehatan"": {""obat"": [], ""vaksin"": [], ""vitamin"": [{""nama"": ""Nop-Stress"", ""jumlah"": 200, ""satuan"": ""ml"", ""supplier"": ""PT SHS 1""}]}, ""sisa_ayam"": ""5107"", ""harga_pasar"": 21700, ""pct_deplesi"": ""0.00 %""}",2026-06-06 09:33:39.86022+00,2026-06-06 09:33:39.86022+00
c703f431-f116-43c3-954f-1ece2cd12cce,2026-06-05,TF 1,Afin,"{""user"": ""Afin"", ""pakan"": [{""kode"": ""324-AT"", ""jumlah"": 500}], ""catatan"": ""Vitamin E 200gr/400ltr"", ""deplesi"": {""mati"": ""1"", ""afkir"": ""0"", ""total"": ""1""}, ""kandang"": ""TF 1"", ""tanggal"": ""2026-06-05"", ""produksi"": {""hdp"": ""21.25 %"", ""cream"": {""kilo"": ""0.3"", ""butir"": ""8""}, ""retak"": {""kilo"": ""0.8"", ""butir"": ""24""}, ""total"": {""kilo"": ""49.20"", ""butir"": ""1085""}, ""normal"": {""kilo"": ""48.1"", ""butir"": ""1053""}, ""berat_rata"": ""45.3 g""}, ""air_liter"": ""1070"", ""kesehatan"": {""obat"": [], ""vaksin"": [], ""vitamin"": []}, ""sisa_ayam"": ""5107"", ""harga_pasar"": 0, ""pct_deplesi"": ""0.02 %""}",2026-06-05 09:09:30.997812+00,2026-06-05 09:09:30.997812+00
7b713729-77a9-4930-af9a-1cb280ab50d1,2026-06-04,TF 1,shakadigital,"{""user"": ""shakadigital"", ""pakan"": [{""kode"": ""324-AT"", ""jumlah"": 500}], ""catatan"": """", ""deplesi"": {""mati"": ""1"", ""afkir"": ""0"", ""total"": ""1""}, ""kandang"": ""TF 1"", ""tanggal"": ""2026-06-04"", ""produksi"": {""hdp"": ""14.10 %"", ""cream"": {""kilo"": ""0.5"", ""butir"": ""12""}, ""retak"": {""kilo"": ""0.3"", ""butir"": ""9""}, ""total"": {""kilo"": ""32.40"", ""butir"": ""720""}, ""normal"": {""kilo"": ""31.6"", ""butir"": ""699""}, ""berat_rata"": ""45.0 g""}, ""air_liter"": ""1053"", ""kesehatan"": {""obat"": [], ""vaksin"": [], ""vitamin"": []}, ""sisa_ayam"": ""5108"", ""harga_pasar"": 21500, ""pct_deplesi"": ""0.02 %""}",2026-06-04 10:11:12.664972+00,2026-06-04 10:11:12.664972+00
5d852d6b-af14-4157-b4f2-78d1a965930d,2026-06-03,TF 1,Afin,"{""user"": ""Afin"", ""pakan"": [{""kode"": ""324-AT"", ""jumlah"": 300}, {""kode"": ""CP522"", ""jumlah"": 200}], ""catatan"": """", ""deplesi"": {""mati"": ""0"", ""afkir"": ""0"", ""total"": ""0""}, ""kandang"": ""TF 1"", ""tanggal"": ""2026-06-03"", ""produksi"": {""hdp"": ""10.04 %"", ""cream"": {""kilo"": ""0.4"", ""butir"": ""9""}, ""retak"": {""kilo"": ""0.1"", ""butir"": ""4""}, ""total"": {""kilo"": ""23.20"", ""butir"": ""513""}, ""normal"": {""kilo"": ""22.7"", ""butir"": ""500""}, ""berat_rata"": ""45.2 g""}, ""air_liter"": ""1025"", ""kesehatan"": {""obat"": [], ""vaksin"": [], ""vitamin"": []}, ""sisa_ayam"": ""5109"", ""harga_pasar"": 0, ""pct_deplesi"": ""0.00 %""}",2026-06-03 09:11:54.040809+00,2026-06-03 09:11:54.040809+00
d41b735e-4c60-42e3-8dba-f312fe39e518,2026-06-02,TF 1,Afin,"{""user"": ""Afin"", ""pakan"": [{""kode"": ""324-AT"", ""jumlah"": 250}, {""kode"": ""CP522"", ""jumlah"": 250}], ""catatan"": """", ""deplesi"": {""mati"": ""0"", ""afkir"": ""0"", ""total"": ""0""}, ""kandang"": ""TF 1"", ""tanggal"": ""2026-06-02"", ""produksi"": {""hdp"": ""5.75 %"", ""cream"": {""kilo"": ""0.300"", ""butir"": ""7""}, ""retak"": {""kilo"": ""0.370"", ""butir"": ""11""}, ""total"": {""kilo"": ""13.45"", ""butir"": ""294""}, ""normal"": {""kilo"": ""12.780"", ""butir"": ""276""}, ""berat_rata"": ""45.7 g""}, ""air_liter"": ""981"", ""kesehatan"": {""obat"": [], ""vaksin"": [], ""vitamin"": []}, ""sisa_ayam"": ""5109"", ""harga_pasar"": 0, ""pct_deplesi"": ""0.00 %""}",2026-06-02 09:34:36.678185+00,2026-06-02 09:34:36.678185+00
ce269680-b4b1-40d8-8c5b-fd6d11f703f9,2026-06-01,TF 1,Afin,"{""user"": ""Afin"", ""pakan"": [{""kode"": ""324-AT"", ""jumlah"": 250}, {""kode"": ""CP522"", ""jumlah"": 250}], ""catatan"": """", ""deplesi"": {""mati"": ""0"", ""afkir"": ""0"", ""total"": ""0""}, ""kandang"": ""TF 1"", ""tanggal"": ""2026-06-01"", ""produksi"": {""hdp"": ""3.48 %"", ""cream"": {""kilo"": ""0.080"", ""butir"": ""2""}, ""retak"": {""kilo"": ""0.310"", ""butir"": ""10""}, ""total"": {""kilo"": ""7.92"", ""butir"": ""178""}, ""normal"": {""kilo"": ""7.530"", ""butir"": ""166""}, ""berat_rata"": ""44.5 g""}, ""air_liter"": ""917"", ""kesehatan"": {""obat"": [], ""vaksin"": [], ""vitamin"": []}, ""sisa_ayam"": ""5109"", ""harga_pasar"": 0, ""pct_deplesi"": ""0.00 %""}",2026-06-01 09:14:17.64904+00,2026-06-01 09:14:17.64904+00
061da117-a957-472c-8aee-637a4846256d,2026-05-31,TF 1,Afin,"{""user"": ""Afin"", ""pakan"": [{""kode"": ""324-AT"", ""jumlah"": 250}, {""kode"": ""CP522"", ""jumlah"": 250}], ""catatan"": """", ""deplesi"": {""mati"": ""0"", ""afkir"": ""0"", ""total"": ""0""}, ""kandang"": ""TF 1"", ""tanggal"": ""2026-05-31"", ""produksi"": {""hdp"": ""1.94 %"", ""cream"": {""kilo"": ""0.130"", ""butir"": ""3""}, ""retak"": {""kilo"": ""0.080"", ""butir"": ""3""}, ""total"": {""kilo"": ""4.37"", ""butir"": ""99""}, ""normal"": {""kilo"": ""4.160"", ""butir"": ""93""}, ""berat_rata"": ""44.1 g""}, ""air_liter"": ""899"", ""kesehatan"": {""obat"": [], ""vaksin"": [], ""vitamin"": []}, ""sisa_ayam"": ""5109"", ""harga_pasar"": 0, ""pct_deplesi"": ""0.00 %""}",2026-05-31 09:28:10.222724+00,2026-05-31 09:28:10.222724+00
ac306500-c38f-4e81-9d94-d3b6dc7167ec,2026-05-30,TF 1,Saiful,"{""user"": ""Saiful"", ""pakan"": [{""kode"": ""324-AT"", ""jumlah"": 250}, {""kode"": ""CP522"", ""jumlah"": 250}], ""catatan"": """", ""deplesi"": {""mati"": ""0"", ""afkir"": ""0"", ""total"": ""0""}, ""kandang"": ""TF 1"", ""tanggal"": ""2026-05-30"", ""produksi"": {""hdp"": ""1.31 %"", ""cream"": {""kilo"": ""0.050"", ""butir"": ""1""}, ""retak"": {""kilo"": ""0.060"", ""butir"": ""2""}, ""total"": {""kilo"": ""3.04"", ""butir"": ""67""}, ""normal"": {""kilo"": ""2.930"", ""butir"": ""64""}, ""berat_rata"": ""45.4 g""}, ""air_liter"": ""882"", ""kesehatan"": {""obat"": [], ""vaksin"": [], ""vitamin"": []}, ""sisa_ayam"": ""5109"", ""harga_pasar"": 0, ""pct_deplesi"": ""0.00 %""}",2026-05-30 09:15:57.249108+00,2026-05-30 09:15:57.249108+00
d44f810a-6133-40c3-b653-dc9920297125,2026-05-29,TF 1,Afin,"{""user"": ""Afin"", ""pakan"": [{""kode"": ""324-AT"", ""jumlah"": 250}, {""kode"": ""CP522"", ""jumlah"": 250}], ""catatan"": """", ""deplesi"": {""mati"": ""0"", ""afkir"": ""0"", ""total"": ""0""}, ""kandang"": ""TF 1"", ""tanggal"": ""2026-05-29"", ""produksi"": {""hdp"": ""0.76 %"", ""cream"": {""kilo"": ""0"", ""butir"": ""0""}, ""retak"": {""kilo"": ""0"", ""butir"": ""0""}, ""total"": {""kilo"": ""1.76"", ""butir"": ""39""}, ""normal"": {""kilo"": ""1.760"", ""butir"": ""39""}, ""berat_rata"": ""45.1 g""}, ""air_liter"": ""763"", ""kesehatan"": {""obat"": [], ""vaksin"": [], ""vitamin"": []}, ""sisa_ayam"": ""5109"", ""harga_pasar"": 0, ""pct_deplesi"": ""0.00 %""}",2026-05-29 09:13:17.504384+00,2026-05-29 09:13:17.504384+00
ed3af19f-ee65-48a7-9cbc-cbb24128ca46,2026-05-28,TF 1,Afin,"{""user"": ""Afin"", ""pakan"": [{""kode"": ""324-AT"", ""jumlah"": 262.5}, {""kode"": ""CP522"", ""jumlah"": 262.5}], ""catatan"": """", ""deplesi"": {""mati"": ""0"", ""afkir"": ""0"", ""total"": ""0""}, ""kandang"": ""TF 1"", ""tanggal"": ""2026-05-28"", ""produksi"": {""hdp"": ""0.51 %"", ""cream"": {""kilo"": ""0"", ""butir"": ""0""}, ""retak"": {""kilo"": ""0"", ""butir"": ""0""}, ""total"": {""kilo"": ""1.18"", ""butir"": ""26""}, ""normal"": {""kilo"": ""1.180"", ""butir"": ""26""}, ""berat_rata"": ""45.4 g""}, ""air_liter"": ""973"", ""kesehatan"": {""obat"": [], ""vaksin"": [], ""vitamin"": []}, ""sisa_ayam"": ""5109"", ""harga_pasar"": 0, ""pct_deplesi"": ""0.00 %""}",2026-05-28 09:09:00.200553+00,2026-05-28 09:09:00.200553+00
99882823-bd6c-437a-990e-22a9665007e7,2026-05-27,TF 1,Afin,"{""user"": ""Afin"", ""pakan"": [{""kode"": ""324-AT"", ""jumlah"": 262.5}, {""kode"": ""CP522"", ""jumlah"": 262.5}], ""catatan"": """", ""deplesi"": {""mati"": ""0"", ""afkir"": ""0"", ""total"": ""0""}, ""kandang"": ""TF 1"", ""tanggal"": ""2026-05-27"", ""produksi"": {""hdp"": ""0.43 %"", ""cream"": {""kilo"": ""0"", ""butir"": ""0""}, ""retak"": {""kilo"": ""0.030"", ""butir"": ""1""}, ""total"": {""kilo"": ""0.93"", ""butir"": ""22""}, ""normal"": {""kilo"": ""0.900"", ""butir"": ""21""}, ""berat_rata"": ""42.3 g""}, ""air_liter"": ""639"", ""kesehatan"": {""obat"": [], ""vaksin"": [], ""vitamin"": []}, ""sisa_ayam"": ""5109"", ""harga_pasar"": 0, ""pct_deplesi"": ""0.00 %""}",2026-05-27 09:00:12.329034+00,2026-05-27 09:00:12.329034+00
c88c30fc-cd31-48d6-a90d-f3ec02e53728,2026-05-26,TF 1,Afin,"{""user"": ""Afin"", ""pakan"": [{""kode"": ""324-AT"", ""jumlah"": 212.5}, {""kode"": ""CP522"", ""jumlah"": 212.5}], ""catatan"": """", ""deplesi"": {""mati"": ""1"", ""afkir"": ""0"", ""total"": ""1""}, ""kandang"": ""TF 1"", ""tanggal"": ""2026-05-26"", ""produksi"": {""hdp"": ""0.33 %"", ""cream"": {""kilo"": ""0.040"", ""butir"": ""1""}, ""retak"": {""kilo"": ""0.030"", ""butir"": ""1""}, ""total"": {""kilo"": ""0.73"", ""butir"": ""17""}, ""normal"": {""kilo"": ""0.660"", ""butir"": ""15""}, ""berat_rata"": ""42.9 g""}, ""air_liter"": ""880"", ""kesehatan"": {""obat"": [], ""vaksin"": [], ""vitamin"": []}, ""sisa_ayam"": ""5109"", ""harga_pasar"": 0, ""pct_deplesi"": ""0.02 %""}",2026-05-26 09:19:29.298486+00,2026-05-26 09:19:29.298486+00
95e9ea38-f8e3-486d-b825-1d44711ac2be,2026-05-25,TF 1,Afin,"{""user"": ""Afin"", ""pakan"": [{""kode"": ""324-AT"", ""jumlah"": 212.5}, {""kode"": ""CP522"", ""jumlah"": 212.5}], ""catatan"": """", ""deplesi"": {""mati"": ""0"", ""afkir"": ""0"", ""total"": ""0""}, ""kandang"": ""TF 1"", ""tanggal"": ""2026-05-25"", ""produksi"": {""hdp"": ""0.12 %"", ""cream"": {""kilo"": ""0.030"", ""butir"": ""1""}, ""retak"": {""kilo"": ""0"", ""butir"": ""0""}, ""total"": {""kilo"": ""0.24"", ""butir"": ""6""}, ""normal"": {""kilo"": ""0.210"", ""butir"": ""5""}, ""berat_rata"": ""40.0 g""}, ""air_liter"": ""763"", ""kesehatan"": {""obat"": [], ""vaksin"": [], ""vitamin"": []}, ""sisa_ayam"": ""5110"", ""harga_pasar"": 0, ""pct_deplesi"": ""0.00 %""}",2026-05-25 09:08:00.144608+00,2026-05-25 09:08:00.144608+00
138adfdf-b53b-4cfa-a4f2-71b2c51ea87e,2026-05-24,TF 1,Afin,"{""user"": ""Afin"", ""pakan"": [{""kode"": ""324-AT"", ""jumlah"": 200}, {""kode"": ""CP522"", ""jumlah"": 200}], ""catatan"": ""Solacyl 250gr/400ltr"", ""deplesi"": {""mati"": ""1"", ""afkir"": ""0"", ""total"": ""1""}, ""kandang"": ""TF 1"", ""tanggal"": ""2026-05-24"", ""produksi"": {""hdp"": ""0.18 %"", ""cream"": {""kilo"": ""0"", ""butir"": ""0""}, ""retak"": {""kilo"": ""0"", ""butir"": ""0""}, ""total"": {""kilo"": ""0.38"", ""butir"": ""9""}, ""normal"": {""kilo"": ""0.380"", ""butir"": ""9""}, ""berat_rata"": ""42.2 g""}, ""air_liter"": ""619"", ""kesehatan"": {""obat"": [], ""vaksin"": [], ""vitamin"": [{""nama"": ""Nop-Stress"", ""jumlah"": 200, ""satuan"": ""ml"", ""supplier"": ""PT SHS 1""}]}, ""sisa_ayam"": ""5110"", ""harga_pasar"": 0, ""pct_deplesi"": ""0.02 %""}",2026-05-24 09:13:50.747609+00,2026-05-24 09:13:50.747609+00
0a69a7be-06bd-42d1-a884-56da3c276737,2026-05-23,TF 1,Saiful,"{""user"": ""Saiful"", ""pakan"": [{""kode"": ""324-AT"", ""jumlah"": 200}, {""kode"": ""CP522"", ""jumlah"": 200}], ""catatan"": ""Obat solacyl 250 gram"", ""deplesi"": {""mati"": ""0"", ""afkir"": ""0"", ""total"": ""0""}, ""kandang"": ""TF 1"", ""tanggal"": ""2026-05-23"", ""produksi"": {""hdp"": ""0.16 %"", ""cream"": {""kilo"": ""0"", ""butir"": ""0""}, ""retak"": {""kilo"": ""0.030"", ""butir"": ""1""}, ""total"": {""kilo"": ""0.34"", ""butir"": ""8""}, ""normal"": {""kilo"": ""0.310"", ""butir"": ""7""}, ""berat_rata"": ""42.5 g""}, ""air_liter"": ""635"", ""kesehatan"": {""obat"": [], ""vaksin"": [], ""vitamin"": [{""nama"": ""Nop-Stress"", ""jumlah"": 200, ""satuan"": ""ml"", ""supplier"": ""PT SHS 1""}]}, ""sisa_ayam"": ""5111"", ""harga_pasar"": 0, ""pct_deplesi"": ""0.00 %""}",2026-05-23 09:43:22.773642+00,2026-05-23 09:43:22.773642+00
d4b17a60-36cc-421d-8bca-4029a701b607,2026-05-22,TF 1,Afin,"{""user"": ""Afin"", ""pakan"": [{""kode"": ""324-AT"", ""jumlah"": 200}, {""kode"": ""CP522"", ""jumlah"": 200}], ""catatan"": ""Solasyl 250gr/400ltr\nMasuk vaksin AI PLUS"", ""deplesi"": {""mati"": ""0"", ""afkir"": ""0"", ""total"": ""0""}, ""kandang"": ""TF 1"", ""tanggal"": ""2026-05-22"", ""produksi"": {""hdp"": ""0.06 %"", ""cream"": {""kilo"": ""0"", ""butir"": ""0""}, ""retak"": {""kilo"": ""0"", ""butir"": ""0""}, ""total"": {""kilo"": ""0.15"", ""butir"": ""3""}, ""normal"": {""kilo"": ""0.150"", ""butir"": ""3""}, ""berat_rata"": ""50.0 g""}, ""air_liter"": ""671"", ""kesehatan"": {""obat"": [], ""vaksin"": [{""nama"": ""AI H5N1"", ""jumlah"": 5000, ""satuan"": ""dosis"", ""supplier"": ""Tanpa supplier""}], ""vitamin"": [{""nama"": ""Nop-Stress"", ""jumlah"": 200, ""satuan"": ""ml"", ""supplier"": ""PT SHS 1""}]}, ""sisa_ayam"": ""5111"", ""harga_pasar"": 0, ""pct_deplesi"": ""0.00 %""}",2026-05-22 09:31:36.221488+00,2026-05-22 09:31:36.221488+00
d107d80b-bef1-4106-a7fe-d17c28bf81c9,2026-05-21,TF 1,Afin,"{""user"": ""Afin"", ""pakan"": [{""kode"": ""324-AT"", ""jumlah"": 150}, {""kode"": ""CP522"", ""jumlah"": 150}], ""catatan"": """", ""deplesi"": {""mati"": ""1"", ""afkir"": ""0"", ""total"": ""1""}, ""kandang"": ""TF 1"", ""tanggal"": ""2026-05-21"", ""produksi"": {""hdp"": ""0.06 %"", ""cream"": {""kilo"": ""0"", ""butir"": ""0""}, ""retak"": {""kilo"": ""0"", ""butir"": ""0""}, ""total"": {""kilo"": ""0.14"", ""butir"": ""3""}, ""normal"": {""kilo"": ""0.140"", ""butir"": ""3""}, ""berat_rata"": ""46.7 g""}, ""air_liter"": ""697"", ""kesehatan"": {""obat"": [], ""vaksin"": [], ""vitamin"": []}, ""sisa_ayam"": ""5111"", ""harga_pasar"": 0, ""pct_deplesi"": ""0.02 %""}",2026-05-21 08:55:43.312526+00,2026-05-21 08:55:43.312526+00
e5491ff0-97b7-4801-aa93-dd34cc065565,2026-05-20,TF 1,Saiful,"{""user"": ""Saiful"", ""pakan"": [{""kode"": ""CP522"", ""jumlah"": 150}, {""kode"": ""324-AT"", ""jumlah"": 150}], ""catatan"": ""Pakan jalan 3 kali"", ""deplesi"": {""mati"": ""2"", ""afkir"": ""0"", ""total"": ""2""}, ""kandang"": ""TF 1"", ""tanggal"": ""2026-05-20"", ""produksi"": {""hdp"": ""0.04 %"", ""cream"": {""kilo"": ""0"", ""butir"": ""0""}, ""retak"": {""kilo"": ""0"", ""butir"": ""0""}, ""total"": {""kilo"": ""0.10"", ""butir"": ""2""}, ""normal"": {""kilo"": ""0.1"", ""butir"": ""2""}, ""berat_rata"": ""50.0 g""}, ""air_liter"": ""605"", ""kesehatan"": {""obat"": [], ""vaksin"": [], ""vitamin"": []}, ""sisa_ayam"": ""5112"", ""harga_pasar"": 0, ""pct_deplesi"": ""0.04 %""}",2026-05-20 09:08:37.670255+00,2026-05-20 09:08:37.670255+00
7a4258fb-aa7d-4133-8f47-6386604091e9,2026-05-19,TF 1,Afin,"{""user"": ""Afin"", ""pakan"": [{""kode"": ""324-AT"", ""jumlah"": 150}, {""kode"": ""CP522"", ""jumlah"": 150}], ""catatan"": ""Pakan siang tidak jalankan.sisa pakan masih tebal"", ""deplesi"": {""mati"": ""0"", ""afkir"": ""0"", ""total"": ""0""}, ""kandang"": ""TF 1"", ""tanggal"": ""2026-05-19"", ""produksi"": {""hdp"": ""0.00 %"", ""cream"": {""kilo"": ""0"", ""butir"": ""0""}, ""retak"": {""kilo"": ""0"", ""butir"": ""0""}, ""total"": {""kilo"": ""0.00"", ""butir"": ""0""}, ""normal"": {""kilo"": ""0"", ""butir"": ""0""}, ""berat_rata"": ""0 g""}, ""air_liter"": ""670"", ""kesehatan"": {""obat"": [], ""vaksin"": [], ""vitamin"": []}, ""sisa_ayam"": ""5114"", ""harga_pasar"": 0, ""pct_deplesi"": ""0.00 %""}",2026-05-19 09:14:01.682689+00,2026-05-19 09:14:01.682689+00
f53a927b-2db1-4495-857c-25bc52f3b2fb,2026-05-18,TF 1,Afin,"{""user"": ""Afin"", ""pakan"": [{""kode"": ""324-AT"", ""jumlah"": 150}, {""kode"": ""CP522"", ""jumlah"": 150}], ""catatan"": ""Vaksin tidak datang"", ""deplesi"": {""mati"": ""0"", ""afkir"": ""0"", ""total"": ""0""}, ""kandang"": ""TF 1"", ""tanggal"": ""2026-05-18"", ""produksi"": {""hdp"": ""0.02 %"", ""cream"": {""kilo"": ""0"", ""butir"": ""0""}, ""retak"": {""kilo"": ""0"", ""butir"": ""0""}, ""total"": {""kilo"": ""0.04"", ""butir"": ""1""}, ""normal"": {""kilo"": ""0.04"", ""butir"": ""1""}, ""berat_rata"": ""40.0 g""}, ""air_liter"": ""680"", ""kesehatan"": {""obat"": [], ""vaksin"": [], ""vitamin"": []}, ""sisa_ayam"": ""5114"", ""harga_pasar"": 0, ""pct_deplesi"": ""0.00 %""}",2026-05-18 09:07:49.435117+00,2026-05-18 09:07:49.435117+00
01c1df50-72e4-4cda-9880-9fef191539c2,2026-05-17,TF 1,Teachingcpi-ub,"{""user"": ""Teachingcpi-ub"", ""pakan"": [{""kode"": ""324-AT"", ""jumlah"": 200}, {""kode"": ""CP522"", ""jumlah"": 200}], ""catatan"": ""Ayam mulai nafsu makan"", ""deplesi"": {""mati"": ""0"", ""afkir"": ""0"", ""total"": ""0""}, ""kandang"": ""TF 1"", ""tanggal"": ""2026-05-17"", ""produksi"": {""hdp"": ""0.02 %"", ""cream"": {""kilo"": ""0"", ""butir"": ""0""}, ""retak"": {""kilo"": ""0"", ""butir"": ""0""}, ""total"": {""kilo"": ""0.04"", ""butir"": ""1""}, ""normal"": {""kilo"": ""0.04"", ""butir"": ""1""}, ""berat_rata"": ""40.0 g""}, ""air_liter"": ""709.9"", ""kesehatan"": {""obat"": [], ""vaksin"": [], ""vitamin"": []}, ""sisa_ayam"": ""5114"", ""harga_pasar"": 0, ""pct_deplesi"": ""0.00 %""}",2026-05-18 08:26:25.109566+00,2026-05-18 08:26:25.109566+00
d22e2fa3-bba3-47e6-9223-2f6747126f70,2026-05-16,TF 1,Saiful,"{""user"": ""Saiful"", ""pakan"": [{""kode"": ""CP522"", ""jumlah"": 175}, {""kode"": ""324-AT"", ""jumlah"": 175}], ""catatan"": ""Dosis vitamin 150 ml"", ""deplesi"": {""mati"": ""0"", ""afkir"": ""0"", ""total"": ""0""}, ""kandang"": ""TF 1"", ""tanggal"": ""2026-05-16"", ""produksi"": {""hdp"": ""0.02 %"", ""cream"": {""kilo"": ""0"", ""butir"": ""0""}, ""retak"": {""kilo"": ""0"", ""butir"": ""0""}, ""total"": {""kilo"": ""0.04"", ""butir"": ""1""}, ""normal"": {""kilo"": ""0.04"", ""butir"": ""1""}, ""berat_rata"": ""40.0 g""}, ""air_liter"": ""685"", ""kesehatan"": {""obat"": [], ""vaksin"": [], ""vitamin"": [{""nama"": ""Biogreen"", ""jumlah"": 150, ""satuan"": ""botol"", ""supplier"": ""PT SHS 2""}]}, ""sisa_ayam"": ""5114"", ""pct_deplesi"": ""0.00 %""}",2026-05-16 09:03:48.189636+00,2026-05-16 09:03:48.189636+00
41295cfe-c292-4718-953e-eed918a9f8a8,2026-05-15,TF 1,Afin,"{""user"": ""Afin"", ""pakan"": [{""kode"": ""324-AT"", ""jumlah"": 200}, {""kode"": ""CP522"", ""jumlah"": 200}], ""catatan"": """", ""deplesi"": {""mati"": ""0"", ""afkir"": ""0"", ""total"": ""0""}, ""kandang"": ""TF 1"", ""tanggal"": ""2026-05-15"", ""produksi"": {""hdp"": ""0.02 %"", ""cream"": {""kilo"": ""0"", ""butir"": ""0""}, ""retak"": {""kilo"": ""0"", ""butir"": ""0""}, ""total"": {""kilo"": ""0.04"", ""butir"": ""1""}, ""normal"": {""kilo"": ""0.04"", ""butir"": ""1""}, ""berat_rata"": ""40.0 g""}, ""air_liter"": ""775"", ""kesehatan"": {""obat"": [], ""vaksin"": [], ""vitamin"": [{""nama"": ""Biogreen"", ""jumlah"": 1, ""satuan"": ""botol"", ""supplier"": ""PT SHS 2""}]}, ""sisa_ayam"": ""5114"", ""pct_deplesi"": ""0.00 %""}",2026-05-15 09:14:25.550299+00,2026-05-15 09:14:25.550299+00
0c7be9d0-1030-4f98-9c23-045e1ab631c4,2026-05-14,TF 1,Afin,"{""user"": ""Afin"", ""pakan"": [{""kode"": ""324-AT"", ""jumlah"": 200}, {""kode"": ""CP522"", ""jumlah"": 200}], ""catatan"": """", ""deplesi"": {""mati"": ""0"", ""afkir"": ""0"", ""total"": ""0""}, ""kandang"": ""TF 1"", ""tanggal"": ""2026-05-14"", ""produksi"": {""hdp"": ""0.00 %"", ""cream"": {""kilo"": ""0"", ""butir"": ""0""}, ""retak"": {""kilo"": ""0"", ""butir"": ""0""}, ""total"": {""kilo"": ""0.00"", ""butir"": ""0""}, ""normal"": {""kilo"": ""0"", ""butir"": ""0""}, ""berat_rata"": ""0 g""}, ""air_liter"": ""755"", ""kesehatan"": {""obat"": [], ""vaksin"": [], ""vitamin"": [{""nama"": ""Biogreen"", ""jumlah"": 150, ""satuan"": ""botol"", ""supplier"": ""PT SHS 2""}]}, ""sisa_ayam"": ""5114"", ""harga_pasar"": 21700, ""pct_deplesi"": ""0.00 %""}",2026-05-14 09:27:30.307448+00,2026-05-14 09:27:30.307448+00
83d5de5f-1cfa-46eb-af40-3ade0f001494,2026-05-13,TF 1,Afin,"{""user"": ""Afin"", ""pakan"": [{""kode"": ""324-AT"", ""jumlah"": 200}, {""kode"": ""CP522"", ""jumlah"": 200}], ""catatan"": """", ""deplesi"": {""mati"": ""2"", ""afkir"": ""0"", ""total"": ""2""}, ""kandang"": ""TF 1"", ""tanggal"": ""2026-05-13"", ""produksi"": {""hdp"": ""0.00 %"", ""cream"": {""kilo"": ""0"", ""butir"": ""0""}, ""retak"": {""kilo"": ""0"", ""butir"": ""0""}, ""total"": {""kilo"": ""0.00"", ""butir"": ""0""}, ""normal"": {""kilo"": ""0"", ""butir"": ""0""}, ""berat_rata"": ""0 g""}, ""air_liter"": ""780"", ""kesehatan"": {""obat"": [], ""vaksin"": [], ""vitamin"": [{""nama"": ""Biogreen"", ""jumlah"": 150, ""satuan"": ""botol"", ""supplier"": ""PT SHS 2""}]}, ""sisa_ayam"": ""5114"", ""harga_pasar"": 21700, ""pct_deplesi"": ""0.04 %""}",2026-05-13 09:39:12.217862+00,2026-05-13 09:39:12.217862+00
0df905a5-55c0-41f8-9e4c-a63ba2a7dd94,2026-05-12,TF 1,Afin,"{""user"": ""Afin"", ""pakan"": [{""kode"": ""CP522"", ""jumlah"": 200}, {""kode"": ""324-AT"", ""jumlah"": 200}], ""catatan"": """", ""deplesi"": {""mati"": ""0"", ""afkir"": ""0"", ""total"": ""0""}, ""kandang"": ""TF 1"", ""tanggal"": ""2026-05-12"", ""produksi"": {""hdp"": ""0.00 %"", ""cream"": {""kilo"": ""0"", ""butir"": ""0""}, ""retak"": {""kilo"": ""0"", ""butir"": ""0""}, ""total"": {""kilo"": ""0.00"", ""butir"": ""0""}, ""normal"": {""kilo"": ""0"", ""butir"": ""0""}, ""berat_rata"": ""0 g""}, ""air_liter"": ""788"", ""kesehatan"": {""obat"": [], ""vaksin"": [], ""vitamin"": [{""nama"": ""Biogreen"", ""jumlah"": 150, ""satuan"": ""botol"", ""supplier"": ""PT SHS 2""}]}, ""sisa_ayam"": ""5116"", ""harga_pasar"": 21850, ""pct_deplesi"": ""0.00 %""}",2026-05-12 09:22:05.090247+00,2026-05-12 09:22:05.090247+00
80ac4b19-0d0d-4995-bbcc-d5e5b727d90b,2026-05-11,TF 1,Afin,"{""user"": ""Afin"", ""pakan"": [{""kode"": ""CP522"", ""jumlah"": 200}, {""kode"": ""324-AT"", ""jumlah"": 200}], ""catatan"": """", ""deplesi"": {""mati"": ""2"", ""afkir"": ""0"", ""total"": ""2""}, ""kandang"": ""TF 1"", ""tanggal"": ""2026-05-11"", ""produksi"": {""hdp"": ""0.00 %"", ""cream"": {""kilo"": ""0"", ""butir"": ""0""}, ""retak"": {""kilo"": ""0"", ""butir"": ""0""}, ""total"": {""kilo"": ""0.00"", ""butir"": ""0""}, ""normal"": {""kilo"": ""0"", ""butir"": ""0""}, ""berat_rata"": ""0 g""}, ""air_liter"": ""780"", ""kesehatan"": {""obat"": [], ""vaksin"": [], ""vitamin"": []}, ""sisa_ayam"": ""5116"", ""harga_pasar"": 22050, ""pct_deplesi"": ""0.04 %""}",2026-05-11 09:28:23.931883+00,2026-05-11 09:28:23.931883+00
c29cb698-84a8-47b6-a36f-d3c8435881fc,2026-05-10,TF 1,Afin,"{""user"": ""Afin"", ""pakan"": [{""kode"": ""324-AT"", ""jumlah"": 225}, {""kode"": ""CP522"", ""jumlah"": 225}], ""catatan"": """", ""deplesi"": {""mati"": ""0"", ""afkir"": ""0"", ""total"": ""0""}, ""kandang"": ""TF 1"", ""tanggal"": ""2026-05-10"", ""produksi"": {""hdp"": ""0.00 %"", ""cream"": {""kilo"": ""0"", ""butir"": ""0""}, ""retak"": {""kilo"": ""0"", ""butir"": ""0""}, ""total"": {""kilo"": ""0.00"", ""butir"": ""0""}, ""normal"": {""kilo"": ""0"", ""butir"": ""0""}, ""berat_rata"": ""0 g""}, ""air_liter"": ""815"", ""kesehatan"": {""obat"": [], ""vaksin"": [], ""vitamin"": []}, ""sisa_ayam"": ""5118"", ""harga_pasar"": 22050, ""pct_deplesi"": ""0.00 %""}",2026-05-10 09:47:48.255885+00,2026-05-10 09:47:48.255885+00
e829beb9-b28e-4716-8b52-e2727307c16d,2026-05-09,TF 1,Saiful,"{""user"": ""Saiful"", ""pakan"": [{""kode"": ""324-AT"", ""jumlah"": 200}, {""kode"": ""CP522"", ""jumlah"": 200}], ""catatan"": ""Bromo squad 60 ml (Cellpad)"", ""deplesi"": {""mati"": ""0"", ""afkir"": ""0"", ""total"": ""0""}, ""kandang"": ""TF 1"", ""tanggal"": ""2026-05-09"", ""produksi"": {""hdp"": ""0.00 %"", ""cream"": {""kilo"": ""0"", ""butir"": ""0""}, ""retak"": {""kilo"": ""0"", ""butir"": ""0""}, ""total"": {""kilo"": ""0.00"", ""butir"": ""0""}, ""normal"": {""kilo"": ""0"", ""butir"": ""0""}, ""berat_rata"": ""0 g""}, ""air_liter"": ""837"", ""kesehatan"": {""obat"": [], ""vaksin"": [], ""vitamin"": []}, ""sisa_ayam"": ""5118"", ""harga_pasar"": 22050, ""pct_deplesi"": ""0.00 %""}",2026-05-09 09:34:31.081016+00,2026-05-09 09:34:31.081016+00
b5e8936c-b379-449a-8c70-1b79694d033a,2026-05-08,TF 1,Afin,"{""user"": ""Afin"", ""pakan"": [{""kode"": ""CP522"", ""jumlah"": 200}, {""kode"": ""324-AT"", ""jumlah"": 200}], ""catatan"": """", ""deplesi"": {""mati"": ""0"", ""afkir"": ""0"", ""total"": ""0""}, ""kandang"": ""TF 1"", ""tanggal"": ""2026-05-08"", ""produksi"": {""hdp"": ""0.00 %"", ""cream"": {""kilo"": ""0"", ""butir"": ""0""}, ""retak"": {""kilo"": ""0"", ""butir"": ""0""}, ""total"": {""kilo"": ""0.00"", ""butir"": ""0""}, ""normal"": {""kilo"": ""0"", ""butir"": ""0""}, ""berat_rata"": ""0 g""}, ""air_liter"": ""800"", ""kesehatan"": {""obat"": [], ""vaksin"": [], ""vitamin"": [{""nama"": ""Nop-Stress"", ""jumlah"": 1, ""satuan"": ""sachet"", ""supplier"": ""PT SHS 1""}]}, ""sisa_ayam"": ""5118"", ""harga_pasar"": 22050, ""pct_deplesi"": ""0.00 %""}",2026-05-08 08:54:24.123262+00,2026-05-08 08:54:24.123262+00
3063234f-8975-4c8e-8d1e-0b257eb16a14,2026-05-07,TF 1,Afin,"{""user"": ""Afin"", ""pakan"": [{""kode"": ""CP522"", ""jumlah"": 200}, {""kode"": ""324-AT"", ""jumlah"": 200}], ""catatan"": ""Solacyl 250gr/400ltr"", ""deplesi"": {""mati"": ""0"", ""afkir"": ""0"", ""total"": ""0""}, ""kandang"": ""TF 1"", ""tanggal"": ""2026-05-07"", ""produksi"": {""hdp"": ""0.00 %"", ""cream"": {""kilo"": ""0"", ""butir"": ""0""}, ""retak"": {""kilo"": ""0"", ""butir"": ""0""}, ""total"": {""kilo"": ""0.00"", ""butir"": ""0""}, ""normal"": {""kilo"": ""0"", ""butir"": ""0""}, ""berat_rata"": ""0 g""}, ""air_liter"": ""800"", ""kesehatan"": {""obat"": [], ""vaksin"": [], ""vitamin"": [{""nama"": ""Nop-Stress"", ""jumlah"": 1, ""satuan"": ""sachet"", ""supplier"": ""PT SHS 1""}]}, ""sisa_ayam"": ""5118"", ""harga_pasar"": 22150, ""pct_deplesi"": ""0.00 %""}",2026-05-07 09:07:16.609288+00,2026-05-07 09:07:16.609288+00
22e3c528-75f8-417c-a4ca-dff890ca19b1,2026-05-06,TF 1,Afin,"{""user"": ""Afin"", ""pakan"": [{""kode"": ""CP522"", ""jumlah"": 200}, {""kode"": ""324-AT"", ""jumlah"": 200}], ""catatan"": ""Solacyl 250gr/400ltr"", ""deplesi"": {""mati"": ""0"", ""afkir"": ""0"", ""total"": ""0""}, ""kandang"": ""TF 1"", ""tanggal"": ""2026-05-06"", ""produksi"": {""hdp"": ""0.00 %"", ""cream"": {""kilo"": ""0"", ""butir"": ""0""}, ""retak"": {""kilo"": ""0"", ""butir"": ""0""}, ""total"": {""kilo"": ""0.00"", ""butir"": ""0""}, ""normal"": {""kilo"": ""0"", ""butir"": ""0""}, ""berat_rata"": ""0 g""}, ""air_liter"": ""557"", ""kesehatan"": {""obat"": [], ""vaksin"": [], ""vitamin"": [{""nama"": ""Nop-Stress"", ""jumlah"": 1, ""satuan"": ""sachet"", ""supplier"": ""PT SHS 1""}]}, ""sisa_ayam"": ""5118"", ""harga_pasar"": 22300, ""pct_deplesi"": ""0.00 %""}",2026-05-06 09:12:31.995785+00,2026-05-06 09:12:31.995785+00
fd783e1a-4c7e-483c-8f48-2ea84ab8d861,2026-05-05,TF 1,Afin,"{""user"": ""Afin"", ""pakan"": [{""kode"": ""CP522"", ""jumlah"": 300}, {""kode"": ""324-AT"", ""jumlah"": 100}], ""catatan"": ""Obat Solacyl 200 gr/300ltr"", ""deplesi"": {""mati"": ""0"", ""afkir"": ""0"", ""total"": ""0""}, ""kandang"": ""TF 1"", ""tanggal"": ""2026-05-05"", ""produksi"": {""hdp"": ""0.00 %"", ""cream"": {""kilo"": ""0"", ""butir"": ""0""}, ""retak"": {""kilo"": ""0"", ""butir"": ""0""}, ""total"": {""kilo"": ""0.00"", ""butir"": ""0""}, ""normal"": {""kilo"": ""0"", ""butir"": ""0""}, ""berat_rata"": ""0 g""}, ""air_liter"": ""600"", ""kesehatan"": {""obat"": [], ""vaksin"": [], ""vitamin"": [{""nama"": ""Nop-Stress"", ""jumlah"": 1, ""satuan"": ""sachet"", ""supplier"": ""PT SHS 1""}]}, ""sisa_ayam"": ""5118"", ""harga_pasar"": 22300, ""pct_deplesi"": ""0.00 %""}",2026-05-05 09:22:48.33131+00,2026-05-05 09:22:48.33131+00
20bdc220-d151-4c49-8528-236e3fd71f84,2026-05-04,TF 1,Afin,"{""user"": ""Afin"", ""pakan"": [{""kode"": ""CP522"", ""jumlah"": 350}], ""catatan"": ""Vaksin kill Vovac Ac plus+ND+IB+EDS"", ""deplesi"": {""mati"": ""0"", ""afkir"": ""0"", ""total"": ""0""}, ""kandang"": ""TF 1"", ""tanggal"": ""2026-05-04"", ""produksi"": {""hdp"": ""0.00 %"", ""cream"": {""kilo"": ""0"", ""butir"": ""0""}, ""retak"": {""kilo"": ""0"", ""butir"": ""0""}, ""total"": {""kilo"": ""0.00"", ""butir"": ""0""}, ""normal"": {""kilo"": ""0"", ""butir"": ""0""}, ""berat_rata"": ""0 g""}, ""air_liter"": ""496"", ""kesehatan"": {""obat"": [], ""vaksin"": [], ""vitamin"": [{""nama"": ""Nop-Stress"", ""jumlah"": 1, ""satuan"": ""sachet"", ""supplier"": ""PT SHS 1""}]}, ""sisa_ayam"": ""5117"", ""harga_pasar"": 22300, ""pct_deplesi"": ""0.00 %""}",2026-05-04 09:37:07.41333+00,2026-05-04 09:37:07.41333+00
edf48bc0-d70b-49a1-bdd8-a98eb7c7a83e,2026-05-03,TF 1,Afin,"{""user"": ""Afin"", ""pakan"": [{""kode"": ""CP522"", ""jumlah"": 400}], ""catatan"": """", ""deplesi"": {""mati"": ""0"", ""afkir"": ""0"", ""total"": ""0""}, ""kandang"": ""TF 1"", ""tanggal"": ""2026-05-03"", ""produksi"": {""hdp"": ""0.00 %"", ""cream"": {""kilo"": ""0"", ""butir"": ""0""}, ""retak"": {""kilo"": ""0"", ""butir"": ""0""}, ""total"": {""kilo"": ""0.00"", ""butir"": ""0""}, ""normal"": {""kilo"": ""0"", ""butir"": ""0""}, ""berat_rata"": ""0 g""}, ""air_liter"": ""428"", ""kesehatan"": {""obat"": [], ""vaksin"": [], ""vitamin"": []}, ""sisa_ayam"": ""5117"", ""harga_pasar"": 22750, ""pct_deplesi"": ""0.00 %""}",2026-05-03 09:13:48.570442+00,2026-05-03 09:13:48.570442+00
ba281506-1b66-494a-b8df-29ce0f45230f,2026-05-02,TF 1,Saiful,"{""user"": ""Saiful"", ""pakan"": [{""kode"": ""CP522"", ""jumlah"": 400}], ""catatan"": """", ""deplesi"": {""mati"": ""0"", ""afkir"": ""0"", ""total"": ""0""}, ""kandang"": ""TF 1"", ""tanggal"": ""2026-05-02"", ""produksi"": {""hdp"": ""0.00 %"", ""cream"": {""kilo"": ""0"", ""butir"": ""0""}, ""retak"": {""kilo"": ""0"", ""butir"": ""0""}, ""total"": {""kilo"": ""0.00"", ""butir"": ""0""}, ""normal"": {""kilo"": ""0"", ""butir"": ""0""}, ""berat_rata"": ""0 g""}, ""air_liter"": ""491"", ""kesehatan"": {""obat"": [], ""vaksin"": [], ""vitamin"": []}, ""sisa_ayam"": ""5117"", ""harga_pasar"": 22750, ""pct_deplesi"": ""0.00 %""}",2026-05-02 09:40:04.639749+00,2026-05-02 09:40:04.639749+00
17358887-3019-49b2-b560-dc8968d4236d,2026-05-01,TF 1,Afin,"{""user"": ""Afin"", ""pakan"": [{""kode"": ""CP522"", ""jumlah"": 450}], ""catatan"": """", ""deplesi"": {""mati"": ""0"", ""afkir"": ""0"", ""total"": ""0""}, ""kandang"": ""TF 1"", ""tanggal"": ""2026-05-01"", ""produksi"": {""hdp"": ""0.00 %"", ""cream"": {""kilo"": ""0"", ""butir"": ""0""}, ""retak"": {""kilo"": ""0"", ""butir"": ""0""}, ""total"": {""kilo"": ""0.00"", ""butir"": ""0""}, ""normal"": {""kilo"": ""0"", ""butir"": ""0""}, ""berat_rata"": ""0 g""}, ""air_liter"": ""376"", ""kesehatan"": {""obat"": [], ""vaksin"": [], ""vitamin"": []}, ""sisa_ayam"": ""5120"", ""harga_pasar"": 21800, ""pct_deplesi"": ""0.00 %""}",2026-05-01 08:56:58.740129+00,2026-05-01 08:56:58.740129+00
350944c9-d8bc-4571-9125-6ce9a2e820f0,2026-04-30,TF 1,Saiful,"{""user"": ""Saiful"", ""pakan"": [{""kode"": ""CP522"", ""jumlah"": 400}], ""catatan"": """", ""deplesi"": {""mati"": ""0"", ""afkir"": ""0"", ""total"": ""0""}, ""kandang"": ""TF 1"", ""tanggal"": ""2026-04-30"", ""produksi"": {""hdp"": ""0.00 %"", ""cream"": {""kilo"": ""0"", ""butir"": ""0""}, ""retak"": {""kilo"": ""0"", ""butir"": ""0""}, ""total"": {""kilo"": ""0.00"", ""butir"": ""0""}, ""normal"": {""kilo"": ""0"", ""butir"": ""0""}, ""berat_rata"": ""0 g""}, ""air_liter"": ""542"", ""kesehatan"": {""obat"": [], ""vaksin"": [], ""vitamin"": []}, ""sisa_ayam"": ""5120"", ""pct_deplesi"": ""0.00 %""}",2026-04-30 09:15:28.694726+00,2026-04-30 09:15:28.694726+00
17f14e13-6deb-46a2-a08d-74834514f27b,2026-04-29,TF 1,Saiful,"{""user"": ""Saiful"", ""pakan"": [{""kode"": ""CP522"", ""jumlah"": 400}], ""catatan"": """", ""deplesi"": {""mati"": ""1"", ""afkir"": ""0"", ""total"": ""1""}, ""kandang"": ""TF 1"", ""tanggal"": ""2026-04-29"", ""produksi"": {""hdp"": ""0.00 %"", ""cream"": {""kilo"": ""0"", ""butir"": ""0""}, ""retak"": {""kilo"": ""0"", ""butir"": ""0""}, ""total"": {""kilo"": ""0.00"", ""butir"": ""0""}, ""normal"": {""kilo"": ""0"", ""butir"": ""0""}, ""berat_rata"": ""0 g""}, ""air_liter"": ""569"", ""kesehatan"": {""obat"": [], ""vaksin"": [], ""vitamin"": [{""nama"": ""Nop-Stress"", ""jumlah"": 1, ""satuan"": ""sachet"", ""supplier"": ""PT SHS 1""}]}, ""sisa_ayam"": ""5118"", ""pct_deplesi"": ""0.02 %""}",2026-04-29 09:08:46.222398+00,2026-04-29 09:08:46.222398+00
5351fecc-b494-4203-b2e1-414af560aeb4,2026-04-28,TF 1,Afin,"{""user"": ""Afin"", ""pakan"": [{""kode"": ""CP522"", ""jumlah"": 450}], ""catatan"": """", ""deplesi"": {""mati"": ""1"", ""afkir"": ""0"", ""total"": ""1""}, ""kandang"": ""TF 1"", ""tanggal"": ""2026-04-28"", ""produksi"": {""hdp"": ""0.00 %"", ""cream"": {""kilo"": ""0"", ""butir"": ""0""}, ""retak"": {""kilo"": ""0"", ""butir"": ""0""}, ""total"": {""kilo"": ""0.00"", ""butir"": ""0""}, ""normal"": {""kilo"": ""0"", ""butir"": ""0""}, ""berat_rata"": ""0 g""}, ""air_liter"": ""561"", ""kesehatan"": {""obat"": [], ""vaksin"": [], ""vitamin"": [{""nama"": ""Nop-Stress"", ""jumlah"": 1, ""satuan"": ""sachet"", ""supplier"": ""PT SHS 1""}]}, ""sisa_ayam"": ""5119"", ""pct_deplesi"": ""0.02 %""}",2026-04-28 09:01:00.725804+00,2026-04-28 09:01:00.725804+00
0217d76f-40e9-4e79-8d53-6fde671704b9,2026-04-27,TF 1,Afin,"{""user"": ""Afin"", ""pakan"": [{""kode"": ""CP522"", ""jumlah"": 400}], ""catatan"": """", ""deplesi"": {""mati"": ""0"", ""afkir"": ""0"", ""total"": ""0""}, ""kandang"": ""TF 1"", ""tanggal"": ""2026-04-27"", ""produksi"": {""hdp"": ""0.00 %"", ""cream"": {""kilo"": ""0"", ""butir"": ""0""}, ""retak"": {""kilo"": ""0"", ""butir"": ""0""}, ""total"": {""kilo"": ""0.00"", ""butir"": ""0""}, ""normal"": {""kilo"": ""0"", ""butir"": ""0""}, ""berat_rata"": ""0 g""}, ""air_liter"": ""341"", ""kesehatan"": {""obat"": [], ""vaksin"": [{""nama"": ""IB H120"", ""jumlah"": 10000, ""satuan"": ""dosis"", ""supplier"": ""Tanpa supplier""}], ""vitamin"": [{""nama"": ""Nop-Stress"", ""jumlah"": 1, ""satuan"": ""sachet"", ""supplier"": ""PT SHS 1""}]}, ""sisa_ayam"": ""5120"", ""pct_deplesi"": ""0.00 %""}",2026-04-27 09:27:07.00415+00,2026-04-27 09:27:07.00415+00
4db4fe20-73b9-4c6a-b209-43aeecf5842b,2026-04-26,TF 1,Afin,"{""user"": ""Afin"", ""pakan"": [{""kode"": ""CP522"", ""jumlah"": 400}], ""catatan"": """", ""deplesi"": {""mati"": ""0"", ""afkir"": ""0"", ""total"": ""0""}, ""kandang"": ""TF 1"", ""tanggal"": ""2026-04-26"", ""produksi"": {""hdp"": ""0.00 %"", ""cream"": {""kilo"": ""0"", ""butir"": ""0""}, ""retak"": {""kilo"": ""0"", ""butir"": ""0""}, ""total"": {""kilo"": ""0.00"", ""butir"": ""0""}, ""normal"": {""kilo"": ""0"", ""butir"": ""0""}, ""berat_rata"": ""0 g""}, ""air_liter"": ""444"", ""kesehatan"": {""obat"": [], ""vaksin"": [], ""vitamin"": []}, ""sisa_ayam"": ""5120"", ""pct_deplesi"": ""0.00 %""}",2026-04-26 09:09:33.615643+00,2026-04-26 09:09:33.615643+00
7ce11b7b-a29b-41d1-a5a4-8ca92b8fdd9c,2026-04-25,TF 1,Afin,"{""user"": ""Afin"", ""pakan"": [{""kode"": ""CP522"", ""jumlah"": 400}], ""catatan"": """", ""deplesi"": {""mati"": ""0"", ""afkir"": ""0"", ""total"": ""0""}, ""kandang"": ""TF 1"", ""tanggal"": ""2026-04-25"", ""produksi"": {""hdp"": ""0.00 %"", ""cream"": {""kilo"": ""0"", ""butir"": ""0""}, ""retak"": {""kilo"": ""0"", ""butir"": ""0""}, ""total"": {""kilo"": ""0.00"", ""butir"": ""0""}, ""normal"": {""kilo"": ""0"", ""butir"": ""0""}, ""berat_rata"": ""0 g""}, ""air_liter"": ""378"", ""kesehatan"": {""obat"": [], ""vaksin"": [], ""vitamin"": []}, ""sisa_ayam"": ""5120"", ""pct_deplesi"": ""0.00 %""}",2026-04-25 09:07:49.064773+00,2026-04-25 09:07:49.064773+00
53fe6b9f-ce3b-443c-ad29-fa88b402b795,2026-04-24,TF 1,Afin,"{""user"": ""Afin"", ""pakan"": [{""kode"": ""CP522"", ""jumlah"": 350}], ""catatan"": """", ""deplesi"": {""mati"": ""0"", ""afkir"": ""0"", ""total"": ""0""}, ""kandang"": ""TF 1"", ""tanggal"": ""2026-04-24"", ""produksi"": {""hdp"": ""0.00 %"", ""cream"": {""kilo"": ""0"", ""butir"": ""0""}, ""retak"": {""kilo"": ""0"", ""butir"": ""0""}, ""total"": {""kilo"": ""0.00"", ""butir"": ""0""}, ""normal"": {""kilo"": ""0"", ""butir"": ""0""}, ""berat_rata"": ""0 g""}, ""air_liter"": ""511"", ""kesehatan"": {""obat"": [], ""vaksin"": [], ""vitamin"": []}, ""sisa_ayam"": ""5120"", ""pct_deplesi"": ""0.00 %""}",2026-04-24 09:05:57.354193+00,2026-04-24 09:05:57.354193+00
6dae0523-f53a-42f7-acd6-2a7c17270b85,2026-04-23,TF 1,Saiful,"{""user"": ""Saiful"", ""pakan"": [{""kode"": ""CP522"", ""jumlah"": 350}], ""catatan"": """", ""deplesi"": {""mati"": ""0"", ""afkir"": ""0"", ""total"": ""0""}, ""kandang"": ""TF 1"", ""tanggal"": ""2026-04-23"", ""produksi"": {""hdp"": ""0.00 %"", ""cream"": {""kilo"": ""0"", ""butir"": ""0""}, ""retak"": {""kilo"": ""0"", ""butir"": ""0""}, ""total"": {""kilo"": ""0.00"", ""butir"": ""0""}, ""normal"": {""kilo"": ""0"", ""butir"": ""0""}, ""berat_rata"": ""0 g""}, ""air_liter"": ""648"", ""kesehatan"": {""obat"": [], ""vaksin"": [], ""vitamin"": []}, ""sisa_ayam"": ""5120"", ""pct_deplesi"": ""0.00 %""}",2026-04-23 08:57:40.908485+00,2026-04-23 08:57:40.908485+00
edead8c0-0aa7-4251-ae6f-99239efd1df8,2026-04-22,TF 1,Saiful,"{""user"": ""Saiful"", ""pakan"": [{""kode"": ""CP522"", ""jumlah"": ""350""}], ""catatan"": """", ""deplesi"": {""mati"": ""0"", ""afkir"": ""0"", ""total"": ""0""}, ""kandang"": ""TF 1"", ""tanggal"": ""2026-04-22"", ""produksi"": {""hdp"": ""0.00 %"", ""cream"": {""kilo"": ""0"", ""butir"": ""0""}, ""retak"": {""kilo"": ""0"", ""butir"": ""0""}, ""total"": {""kilo"": ""0.00"", ""butir"": ""0""}, ""normal"": {""kilo"": ""0"", ""butir"": ""0""}, ""berat_rata"": ""0 g""}, ""air_liter"": ""382"", ""biaya_ops"": [], ""kesehatan"": {""obat"": [], ""vaksin"": [], ""vitamin"": []}, ""sisa_ayam"": ""5120"", ""pct_deplesi"": ""0.00 %""}",2026-04-22 03:28:07.670968+00,2026-04-22 03:28:07.670968+00
6f70be6c-a4ec-41cb-99ab-247f78674d64,2026-04-21,TF 1,Afin,"{""user"": ""Afin"", ""pakan"": [{""kode"": ""CP522"", ""jumlah"": ""350""}], ""catatan"": """", ""deplesi"": {""mati"": ""0"", ""afkir"": ""0"", ""total"": ""0""}, ""kandang"": ""TF 1"", ""tanggal"": ""2026-04-21"", ""produksi"": {""hdp"": ""0.00 %"", ""cream"": {""kilo"": ""0"", ""butir"": ""0""}, ""retak"": {""kilo"": ""0"", ""butir"": ""0""}, ""total"": {""kilo"": ""0.00"", ""butir"": ""0""}, ""normal"": {""kilo"": ""0"", ""butir"": ""0""}, ""berat_rata"": ""0 g""}, ""air_liter"": ""535"", ""biaya_ops"": [], ""kesehatan"": {""obat"": [], ""vaksin"": [], ""vitamin"": []}, ""sisa_ayam"": ""5120"", ""pct_deplesi"": ""0.00 %""}",2026-04-21 09:12:13.816956+00,2026-04-21 09:12:13.816956+00
ba4716a8-a45b-4fda-a9dd-ab890c92f13b,2026-04-19,TF 1,Afin,"{""user"": ""Afin"", ""pakan"": [{""kode"": ""CP522"", ""jumlah"": ""350""}], ""catatan"": """", ""deplesi"": {""mati"": ""0"", ""afkir"": ""0"", ""total"": ""0""}, ""kandang"": ""TF 1"", ""tanggal"": ""2026-04-19"", ""produksi"": {""hdp"": ""0.00 %"", ""cream"": {""kilo"": ""0"", ""butir"": ""0""}, ""retak"": {""kilo"": ""0"", ""butir"": ""0""}, ""total"": {""kilo"": ""0.00"", ""butir"": ""0""}, ""normal"": {""kilo"": ""0"", ""butir"": ""0""}, ""berat_rata"": ""0 g""}, ""air_liter"": ""400"", ""biaya_ops"": [], ""kesehatan"": {""obat"": [], ""vaksin"": [], ""vitamin"": []}, ""sisa_ayam"": ""5120"", ""pct_deplesi"": ""0.00 %""}",2026-04-20 09:37:25.70524+00,2026-04-20 09:37:25.70524+00
4eb2d57a-15a3-4ebb-8f6c-2a120ae2ae54,2026-04-18,TF 1,Afin,"{""user"": ""Afin"", ""pakan"": [{""kode"": ""CP522"", ""jumlah"": ""400""}], ""catatan"": """", ""deplesi"": {""mati"": ""0"", ""afkir"": ""0"", ""total"": ""0""}, ""kandang"": ""TF 1"", ""tanggal"": ""2026-04-18"", ""produksi"": {""hdp"": ""0.00 %"", ""cream"": {""kilo"": ""0"", ""butir"": ""0""}, ""retak"": {""kilo"": ""0"", ""butir"": ""0""}, ""total"": {""kilo"": ""0.00"", ""butir"": ""0""}, ""normal"": {""kilo"": ""0"", ""butir"": ""0""}, ""berat_rata"": ""0 g""}, ""air_liter"": ""0"", ""biaya_ops"": [], ""kesehatan"": {""obat"": [], ""vaksin"": [], ""vitamin"": []}, ""sisa_ayam"": ""5120"", ""pct_deplesi"": ""0.00 %""}",2026-04-20 09:36:42.549727+00,2026-04-20 09:36:42.549727+00
52db0fb4-929b-45f3-8273-1a0edd961c58,2026-04-17,TF 1,Saiful,"{""user"": ""Saiful"", ""pakan"": [{""kode"": ""CP522"", ""jumlah"": ""250""}], ""catatan"": """", ""deplesi"": {""mati"": ""0"", ""afkir"": ""0"", ""total"": ""0""}, ""kandang"": ""TF 1"", ""tanggal"": ""2026-04-17"", ""produksi"": {""hdp"": ""0.00 %"", ""cream"": {""kilo"": ""0"", ""butir"": ""0""}, ""retak"": {""kilo"": ""0"", ""butir"": ""0""}, ""total"": {""kilo"": ""0.00"", ""butir"": ""0""}, ""normal"": {""kilo"": ""0"", ""butir"": ""0""}, ""berat_rata"": ""0 g""}, ""air_liter"": ""0"", ""biaya_ops"": [{""ket"": ""Beli makan Malam"", ""jumlah"": 360000, ""kategori"": ""tenaga_harian""}], ""kesehatan"": {""obat"": [], ""vaksin"": [], ""vitamin"": []}, ""sisa_ayam"": ""5120"", ""pct_deplesi"": ""0.00 %""}",2026-04-20 09:33:55.740958+00,2026-04-20 09:33:55.740958+00
121bf126-e49a-49be-8576-d0faa23b683c,2026-04-20,TF 1,Afin,"{""user"": ""Afin"", ""pakan"": [{""kode"": ""CP522"", ""jumlah"": ""250""}], ""catatan"": """", ""deplesi"": {""mati"": ""0"", ""afkir"": ""0"", ""total"": ""0""}, ""kandang"": ""TF 1"", ""tanggal"": ""2026-04-20"", ""produksi"": {""hdp"": ""0.00 %"", ""cream"": {""kilo"": ""0"", ""butir"": ""0""}, ""retak"": {""kilo"": ""0"", ""butir"": ""0""}, ""total"": {""kilo"": ""0.00"", ""butir"": ""0""}, ""normal"": {""kilo"": ""0"", ""butir"": ""0""}, ""berat_rata"": ""0 g""}, ""air_liter"": ""597"", ""biaya_ops"": [], ""kesehatan"": {""obat"": [], ""vaksin"": [], ""vitamin"": []}, ""sisa_ayam"": ""5120"", ""pct_deplesi"": ""0.00 %""}",2026-04-20 09:15:18.946309+00,2026-04-20 09:15:18.946309+00